ride_time,station
2022-01-01 07:26:00,중동
2022-01-01 21:54:00,중동
2022-01-01 22:15:00,순천향대학병원.부명고
2022-01-01 22:21:00,계룡리슈빌
2022-01-02 10:12:00,부천시청
2022-01-02 15:43:00,춘의
2022-01-02 20:34:00,상동역1번출구.부천터미널소풍.홈플러스
2022-01-02 20:36:00,상동역1번출구.부천터미널소풍.홈플러스
2022-01-02 20:43:00,계룡리슈빌
2022-01-03 07:22:00,중동
2022-01-03 15:13:00,중동행정복지센터.시민회관
2022-01-03 15:31:00,축협원미지점
2022-01-03 18:32:00,축협원미지점
2022-01-03 18:51:00,KT부천지사
2022-01-03 21:55:00,중동
2022-01-04 06:54:00,시민운동장
2022-01-04 07:07:00,축협원미지점
2022-01-04 07:23:00,중동
2022-01-04 10:12:00,은하마을.덕유마을
2022-01-04 10:28:00,송내역C
2022-01-04 11:04:00,축협원미지점
2022-01-04 11:17:00,시민운동장.시민회관
2022-01-04 13:06:00,부천시민학습원
2022-01-04 13:14:00,위브더스테이트5단지
2022-01-04 13:18:00,신중동
2022-01-04 15:27:00,중동행정복지센터.시민회관
2022-01-04 15:40:00,축협원미지점
2022-01-04 17:17:00,축협원미지점
2022-01-04 17:33:00,KT부천지사
2022-01-04 17:58:00,신중동
2022-01-04 19:29:00,신중동
2022-01-04 19:38:00,신중동역3번출구.원미경찰서.롯데백화점
2022-01-04 19:50:00,부천시민학습원
2022-01-04 21:41:00,신중동
2022-01-04 21:56:00,중동
2022-01-05 07:23:00,중동
2022-01-05 10:16:00,은하마을.덕유마을
2022-01-05 10:20:00,포도마을사거리.현대백화점.이마트
2022-01-05 13:06:00,부천시민학습원
2022-01-05 13:15:00,신중동역2번출구.원미경찰서.롯데백화점
2022-01-05 13:18:00,신중동
2022-01-05 14:33:00,시민운동장
2022-01-05 14:48:00,축협원미지점
2022-01-05 16:21:00,축협원미지점
2022-01-05 16:34:00,부천역.국민은행
2022-01-05 19:22:00,신중동
2022-01-05 19:24:00,신중동역3번출구.원미경찰서.롯데백화점
2022-01-05 19:31:00,부천시민학습원
2022-01-05 21:47:00,중동
2022-01-06 06:55:00,부천대입구
2022-01-06 07:03:00,축협원미지점
2022-01-06 09:54:00,포도마을사거리.현대백화점.이마트
2022-01-06 09:55:00,부천
2022-01-06 09:58:00,부명고.순천향대학병원
2022-01-06 16:14:00,계룡리슈빌
2022-01-06 16:24:00,부천자유시장.대산동행정복지센터
2022-01-06 16:28:00,부천시청
2022-01-06 16:34:00,부천자유시장.대산동행정복지센터
2022-01-06 16:45:00,삼익세라믹아파트.SKVIEW아파트
2022-01-06 19:16:00,신중동
2022-01-06 19:24:00,신중동역3번출구.원미경찰서.롯데백화점
2022-01-06 19:32:00,부천시민학습원
2022-01-06 20:24:00,순천향대학병원.부명고
2022-01-06 21:16:00,소사어울마당사거리
2022-01-06 21:37:00,신중동역4번출구.롯데백화점
2022-01-07 00:59:00,부천시청역4번출구.현대백화점.경기예고
2022-01-07 07:22:00,중동
2022-01-07 08:33:00,송내역.로데오거리
2022-01-07 10:25:00,송내
2022-01-07 12:26:00,부천시민학습원
2022-01-07 12:33:00,위브더스테이트5단지
2022-01-07 12:36:00,신중동
2022-01-07 14:48:00,중동행정복지센터.시민회관
2022-01-07 15:00:00,축협원미지점
2022-01-07 15:18:00,춘의
2022-01-07 16:20:00,옥길단독2블럭.상업지역
2022-01-07 16:35:00,풍림아파트.부천다문화지원센터
2022-01-07 16:43:00,역곡
2022-01-07 16:49:00,시민운동장.시민회관
2022-01-07 16:58:00,송내
2022-01-07 17:11:00,신중동
2022-01-07 17:17:00,부천종합운동장
2022-01-07 17:33:00,부천종합운동장
2022-01-07 17:40:00,신중동
2022-01-07 19:11:00,신중동
2022-01-07 19:18:00,신중동역3번출구.원미경찰서.롯데백화점
2022-01-07 19:28:00,대성병원.심곡천사거리
2022-01-07 22:07:00,중동
2022-01-08 07:26:00,중동
2022-01-08 13:23:00,부천시청
2022-01-08 14:25:00,춘의역6번출구
2022-01-08 14:32:00,대성병원
2022-01-08 19:17:00,소사
2022-01-08 19:58:00,상동역1번출구.부천터미널소풍.홈플러스
2022-01-08 20:55:00,상동역1번출구.부천터미널소풍.홈플러스
2022-01-08 21:00:00,부천시청
2022-01-08 21:01:00,계룡리슈빌
2022-01-08 21:44:00,중동
2022-01-09 11:23:00,중동
2022-01-09 12:14:00,부천시청
2022-01-09 16:53:00,중동
2022-01-09 21:33:00,부천우편집중국.부천실업고
2022-01-10 07:23:00,중동
2022-01-10 09:00:00,상동
2022-01-10 15:38:00,중동행정복지센터.시민회관
2022-01-10 15:51:00,축협원미지점
2022-01-10 19:40:00,축협원미지점
2022-01-10 19:47:00,부천역북부(기점)
2022-01-10 21:49:00,중동
2022-01-11 06:42:00,중동행정복지센터.시민회관
2022-01-11 06:47:00,중동역
2022-01-11 06:54:00,부천시청역5번출구
2022-01-11 06:55:00,축협원미지점
2022-01-11 07:22:00,중동
2022-01-11 08:25:00,포도마을사거리.현대백화점.이마트
2022-01-11 08:38:00,부천고교.현대아파트
2022-01-11 10:54:00,원미두산아파트
2022-01-11 11:09:00,시민운동장.시민회관
2022-01-11 13:08:00,부천시민학습원
2022-01-11 13:16:00,신중동역2번출구.원미경찰서.롯데백화점
2022-01-11 13:18:00,신중동
2022-01-11 15:51:00,중동행정복지센터.시민회관
2022-01-11 16:04:00,축협원미지점
2022-01-11 19:04:00,축협원미지점
2022-01-11 19:20:00,시민운동장.시민회관
2022-01-11 19:40:00,신중동역3번출구.원미경찰서.롯데백화점
2022-01-11 19:40:00,상동
2022-01-11 19:48:00,부천시민학습원
2022-01-11 21:55:00,중동
2022-01-12 07:22:00,중동
2022-01-12 21:20:00,상동
2022-01-12 21:47:00,중동
2022-01-12 21:54:00,상동역1번출구.부천터미널소풍.홈플러스
2022-01-12 21:55:00,부천시청역3번출구.경기예고.현대백화점
2022-01-13 06:16:00,부천시청
2022-01-13 06:34:00,송내e편한세상.부천고
2022-01-13 07:07:00,부천대입구
2022-01-13 07:16:00,축협원미지점
2022-01-13 07:23:00,중동
2022-01-13 08:29:00,포도마을사거리.현대백화점.이마트
2022-01-13 08:34:00,부명고.순천향대학병원
2022-01-13 08:40:00,송내역.로데오거리
2022-01-13 08:50:00,중동역
2022-01-13 08:50:00,중동역
2022-01-13 08:56:00,부천고교.현대아파트
2022-01-13 18:26:00,부천시청
2022-01-13 18:27:00,축협원미지점
2022-01-13 18:43:00,시민운동장.시민회관
2022-01-13 18:56:00,상동역1번출구.부천터미널소풍.홈플러스
2022-01-13 21:49:00,중동
2022-01-13 23:00:00,부천시청
2022-01-14 07:27:00,중동
2022-01-14 09:08:00,부천시청
2022-01-14 16:37:00,신중동
2022-01-14 16:51:00,부천종합운동장
2022-01-14 17:06:00,부천종합운동장
2022-01-14 17:18:00,신중동
2022-01-14 17:52:00,부천시청
2022-01-14 21:47:00,중동
2022-01-15 01:46:00,부천시청역5번출구
2022-01-15 05:26:00,부천대입구
2022-01-15 05:34:00,축협원미지점
2022-01-15 06:28:00,상동역1번출구.부천터미널소풍.홈플러스
2022-01-15 06:28:00,상동역1번출구.부천터미널소풍.홈플러스
2022-01-15 06:31:00,계룡리슈빌
2022-01-15 07:27:00,중동
2022-01-15 14:48:00,중동
2022-01-16 09:57:00,부천시청
2022-01-16 21:18:00,부천자유시장.대산동행정복지센터
2022-01-16 21:33:00,경기국제통상고.포도마을뉴서울.중앙공원
2022-01-17 07:22:00,중동
2022-01-17 07:41:00,상동
2022-01-17 07:47:00,오정농협
2022-01-17 08:00:00,부천종합운동장
2022-01-17 19:08:00,송내역.투나
2022-01-17 19:15:00,포도마을.보람마을
2022-01-17 21:42:00,춘의역
2022-01-17 21:45:00,도당동주민센터
2022-01-17 21:49:00,중동
2022-01-17 22:29:00,부천
2022-01-17 22:41:00,부천역북부(기점)
2022-01-17 23:06:00,한라마을.금강주공아파트
2022-01-18 06:55:00,부천대입구
2022-01-18 07:02:00,축협원미지점
2022-01-18 07:23:00,중동
2022-01-18 10:48:00,축협원미지점
2022-01-18 11:04:00,시민운동장.시민회관
2022-01-18 13:04:00,부천시민학습원
2022-01-18 13:12:00,신중동역2번출구.원미경찰서.롯데백화점
2022-01-18 13:16:00,신중동
2022-01-18 15:21:00,중동행정복지센터.시민회관
2022-01-18 15:38:00,축협원미지점
2022-01-18 15:52:00,부천축산물공판장
2022-01-18 16:15:00,포도마을사거리.현대백화점.이마트
2022-01-18 18:16:00,풍림아파트.부천다문화지원센터
2022-01-18 18:31:00,시민운동장.시민회관
2022-01-18 21:52:00,중동
2022-01-19 07:22:00,중동
2022-01-19 08:26:00,송내역.로데오거리
2022-01-19 11:42:00,춘의
2022-01-19 13:01:00,부천시민학습원
2022-01-19 13:09:00,신중동역2번출구.원미경찰서.롯데백화점
2022-01-19 13:13:00,신중동
2022-01-19 13:18:00,중원초교
2022-01-19 13:23:00,포도마을사거리.현대백화점.이마트
2022-01-19 15:45:00,부천축산물공판장
2022-01-19 16:16:00,상동역6번출구.세이브존
2022-01-19 16:32:00,상동역1번출구.부천터미널소풍.홈플러스
2022-01-19 16:35:00,포도마을사거리.현대백화점.이마트
2022-01-19 16:36:00,포도마을사거리.현대백화점.이마트
2022-01-19 16:41:00,중동시장앞.넘말
2022-01-19 17:15:00,까치울
2022-01-19 17:25:00,까치울역3번출구
2022-01-19 17:34:00,성곡파출소
2022-01-19 21:55:00,중동
2022-01-20 06:46:00,중동역
2022-01-20 06:54:00,부천시청역2번출구.현대백화점.이마트
2022-01-20 06:55:00,부천대입구
2022-01-20 07:02:00,축협원미지점
2022-01-20 07:23:00,중동
2022-01-20 07:39:00,오정농협
2022-01-20 07:47:00,까치울역2번출구
2022-01-20 07:51:00,까치울
2022-01-20 08:00:00,여월중
2022-01-20 08:29:00,포도마을사거리.현대백화점.이마트
2022-01-20 08:36:00,중앙병원입구.송내자이아파트
2022-01-20 08:46:00,송내e편한세상.부천고
2022-01-20 10:39:00,축협원미지점
2022-01-20 10:53:00,시민운동장.시민회관
2022-01-20 12:58:00,부천시민학습원
2022-01-20 13:08:00,신중동역2번출구.원미경찰서.롯데백화점
2022-01-20 13:13:00,신중동
2022-01-20 16:47:00,부천체육관
2022-01-20 16:50:00,신중동
2022-01-20 16:56:00,부명고.순천향대학병원
2022-01-20 17:05:00,부천종합운동장
2022-01-20 17:18:00,부천종합운동장
2022-01-20 17:27:00,신중동
2022-01-20 18:09:00,중앙병원입구.송내자이아파트
2022-01-20 18:38:00,경기국제통상고.포도마을뉴서울.중앙공원
2022-01-20 18:41:00,까치울
2022-01-20 18:44:00,까치울역3번출구
2022-01-20 18:49:00,여월중
2022-01-20 19:00:00,원종사거리
2022-01-20 19:21:00,신중동
2022-01-20 19:24:00,신중동역3번출구.원미경찰서.롯데백화점
2022-01-20 19:32:00,부천시민학습원
2022-01-20 21:47:00,중동
2022-01-20 23:11:00,춘의역7번출구
2022-01-20 23:16:00,도당사거리.도당중학교
2022-01-21 07:23:00,중동
2022-01-21 07:44:00,오정농협
2022-01-21 07:56:00,까치울역2번출구
2022-01-21 07:57:00,까치울
2022-01-21 07:58:00,여월중
2022-01-21 08:29:00,중앙병원입구.송내자이아파트
2022-01-21 08:49:00,신중동
2022-01-21 10:22:00,신중동
2022-01-21 12:28:00,부천시민학습원
2022-01-21 12:36:00,위브더스테이트5단지
2022-01-21 12:38:00,신중동
2022-01-21 12:55:00,부천역북부.농협
2022-01-21 16:53:00,포도마을사거리.현대백화점.이마트
2022-01-21 17:17:00,중동행정복지센터.시민회관
2022-01-21 18:12:00,중앙병원입구.송내자이아파트
2022-01-21 18:35:00,까치울
2022-01-21 18:37:00,까치울역3번출구
2022-01-21 18:52:00,원종사거리
2022-01-21 18:55:00,여월중
2022-01-21 19:18:00,신중동
2022-01-21 19:23:00,신중동역3번출구.원미경찰서.롯데백화점
2022-01-21 19:32:00,부천시민학습원
2022-01-21 19:50:00,신중동
2022-01-21 21:50:00,중동
2022-01-21 22:32:00,송내
2022-01-21 22:35:00,송내역A
2022-01-21 22:48:00,계룡리슈빌
2022-01-22 07:07:00,여월중
2022-01-22 07:16:00,공구상가.부천천문과학관
2022-01-22 07:18:00,춘의
2022-01-22 07:28:00,중동
2022-01-22 10:15:00,송내역남부(광역버스)
2022-01-22 14:22:00,시민운동장
2022-01-22 14:23:00,부천전화국
2022-01-22 17:30:00,춘의
2022-01-22 17:36:00,춘의역
2022-01-22 17:47:00,여월중
2022-01-22 21:23:00,송내
2022-01-22 21:27:00,송내역A
2022-01-22 21:44:00,부천시청역1번출구
2022-01-22 21:45:00,중동
2022-01-23 10:34:00,부천시청
2022-01-23 14:08:00,신중동행정복지센터.고용노동지청
2022-01-23 14:13:00,영안아파트
2022-01-23 21:36:00,신중동역3번출구.원미경찰서.롯데백화점
2022-01-23 21:45:00,부천역북부(기점)
2022-01-24 07:23:00,중동
2022-01-24 07:47:00,오정농협
2022-01-24 07:54:00,여월휴먼시아3단지
2022-01-24 07:57:00,까치울
2022-01-24 08:02:00,여월중
2022-01-24 08:37:00,중앙병원입구.송내자이아파트
2022-01-24 08:48:00,세일병원입구
2022-01-24 09:05:00,신중동
2022-01-24 12:28:00,부천시민학습원
2022-01-24 12:36:00,신중동역2번출구.원미경찰서.롯데백화점
2022-01-24 12:39:00,신중동
2022-01-24 18:03:00,중앙병원입구.송내자이아파트
2022-01-24 18:18:00,대성병원.심곡천사거리
2022-01-24 18:38:00,까치울
2022-01-24 18:39:00,까치울역3번출구
2022-01-24 18:45:00,여월중
2022-01-24 18:53:00,원종사거리
2022-01-24 21:15:00,신중동
2022-01-24 21:47:00,중동
2022-01-25 07:23:00,중동
2022-01-25 07:44:00,오정농협
2022-01-25 07:53:00,까치울역2번출구
2022-01-25 07:54:00,까치울
2022-01-25 07:57:00,여월중
2022-01-25 08:38:00,중앙병원입구.송내자이아파트
2022-01-25 09:04:00,신중동
2022-01-25 10:43:00,축협원미지점
2022-01-25 10:56:00,부천대입구
2022-01-25 12:58:00,대성병원.심곡천사거리
2022-01-25 13:09:00,신중동역2번출구.원미경찰서.롯데백화점
2022-01-25 13:12:00,신중동
2022-01-25 18:06:00,중앙병원입구.송내자이아파트
2022-01-25 18:38:00,까치울
2022-01-25 18:44:00,여월중
2022-01-25 18:46:00,까치울역3번출구
2022-01-25 18:59:00,원종사거리
2022-01-25 20:58:00,신중동
2022-01-25 21:49:00,중동
2022-01-26 07:23:00,중동
2022-01-26 07:39:00,오정농협
2022-01-26 07:47:00,부천종합운동장역4번출구
2022-01-26 07:52:00,부천종합운동장
2022-01-26 07:57:00,여월중
2022-01-26 08:30:00,중앙병원입구.송내자이아파트
2022-01-26 08:50:00,세일병원입구
2022-01-26 09:11:00,신중동
2022-01-26 10:40:00,부천시민학습원
2022-01-26 10:54:00,부천시청역5번출구
2022-01-26 13:19:00,부천시청
2022-01-26 18:09:00,중앙병원입구.송내자이아파트
2022-01-26 18:38:00,까치울
2022-01-26 18:39:00,까치울역3번출구
2022-01-26 18:49:00,원종사거리
2022-01-26 18:52:00,여월중
2022-01-26 21:11:00,신중동
2022-01-26 21:19:00,상동
2022-01-26 21:47:00,중동
2022-01-26 22:20:00,신중동
2022-01-27 07:10:00,부천대입구
2022-01-27 07:20:00,축협원미지점
2022-01-27 07:23:00,중동
2022-01-27 07:39:00,오정농협
2022-01-27 07:50:00,까치울역2번출구
2022-01-27 07:52:00,까치울
2022-01-27 08:08:00,여월중
2022-01-27 08:39:00,중앙병원입구.송내자이아파트
2022-01-27 09:01:00,신중동
2022-01-27 10:34:00,축협원미지점
2022-01-27 10:47:00,부천역.국민은행
2022-01-27 13:08:00,부천시민학습원
2022-01-27 13:15:00,신중동역2번출구.원미경찰서.롯데백화점
2022-01-27 13:18:00,신중동
2022-01-27 14:32:00,중동역
2022-01-27 14:46:00,부천시청역2번출구.현대백화점.이마트
2022-01-27 16:12:00,부천시청역5번출구
2022-01-27 16:20:00,상동역8번출구.세이브존
2022-01-27 16:25:00,부천터미널소풍
2022-01-27 16:35:00,한라마을.덕유마을
2022-01-27 16:39:00,송내역.로데오거리
2022-01-27 16:43:00,부명고.순천향대학병원
2022-01-27 16:49:00,송내역B
2022-01-27 17:17:00,삼익세라믹아파트.SKVIEW아파트
2022-01-27 17:48:00,대성병원
2022-01-27 18:00:00,KT부천지사
2022-01-27 18:06:00,중앙병원입구.송내자이아파트
2022-01-27 18:38:00,까치울
2022-01-27 18:42:00,까치울역3번출구
2022-01-27 18:45:00,여월중
2022-01-27 18:54:00,오정농협
2022-01-27 20:23:00,신중동
2022-01-27 21:22:00,삼익세라믹아파트.SKVIEW아파트
2022-01-27 21:36:00,부천시청역2번출구.현대백화점.이마트
2022-01-27 21:46:00,신중동역4번출구.롯데백화점
2022-01-27 21:52:00,중동
2022-01-28 07:22:00,중동
2022-01-28 07:42:00,오정농협
2022-01-28 07:51:00,부천종합운동장역4번출구
2022-01-28 07:54:00,부천종합운동장
2022-01-28 08:07:00,여월중
2022-01-28 08:40:00,중앙병원입구.송내자이아파트
2022-01-28 09:07:00,신중동
2022-01-28 12:21:00,부천시민학습원
2022-01-28 12:29:00,신중동역2번출구.원미경찰서.롯데백화점
2022-01-28 12:33:00,신중동
2022-01-28 14:45:00,까치울
2022-01-28 14:55:00,까치울역3번출구
2022-01-28 15:13:00,오정농협
2022-01-28 18:16:00,중앙병원입구.송내자이아파트
2022-01-28 18:50:00,여월중
2022-01-28 19:10:00,신중동
2022-01-28 19:15:00,신중동
2022-01-28 19:24:00,신중동역3번출구.원미경찰서.롯데백화점
2022-01-28 19:31:00,대성병원.심곡천사거리
2022-01-28 21:52:00,중동
2022-01-29 07:03:00,여월중
2022-01-29 07:12:00,춘의역6번출구
2022-01-29 07:14:00,춘의
2022-01-29 07:27:00,중동
2022-01-29 09:29:00,까치울
2022-01-29 12:37:00,송내
2022-01-29 12:46:00,부천
2022-01-29 13:46:00,까치울
2022-01-29 21:45:00,중동
2022-01-30 11:52:00,중동
2022-01-30 12:01:00,부천
2022-01-30 14:01:00,오정농협
2022-01-30 16:47:00,부천
2022-01-30 17:40:00,중동
2022-01-31 07:26:00,중동
2022-01-31 11:11:00,영화아파트
2022-01-31 11:29:00,종합운동장
2022-01-31 12:36:00,부천종합운동장역5번출구
2022-01-31 12:46:00,근화아파트
2022-01-31 21:45:00,중동
2022-02-02 07:04:00,여월중
2022-02-02 07:11:00,춘의역6번출구
2022-02-02 07:13:00,춘의
2022-02-02 17:28:00,춘의
2022-02-02 17:33:00,춘의역7번출구
2022-02-02 17:37:00,까치울
2022-02-02 17:43:00,여월중
2022-02-03 06:46:00,부천대입구
2022-02-03 06:55:00,축협원미지점
2022-02-03 08:06:00,여월중
2022-02-03 08:38:00,중앙병원입구.송내자이아파트
2022-02-03 08:53:00,세일병원입구
2022-02-03 12:40:00,송내역남부
2022-02-03 12:40:00,은하마을.덕유마을
2022-02-03 12:46:00,송내역A
2022-02-03 12:58:00,송내역C
2022-02-03 13:01:00,부천시민학습원
2022-02-03 13:09:00,신중동역2번출구.원미경찰서.롯데백화점
2022-02-03 13:12:00,신중동
2022-02-03 13:14:00,부천체육관.부천아이파크
2022-02-03 13:33:00,부천실내체육관
2022-02-03 13:41:00,송내역.로데오거리
2022-02-03 13:45:00,송내역남부
2022-02-03 13:48:00,구산사거리
2022-02-03 14:50:00,부천시청
2022-02-03 15:51:00,중동행정복지센터.시민회관
2022-02-03 16:05:00,축협원미지점
2022-02-03 16:22:00,부천체육관
2022-02-03 16:40:00,복사골문화센터
2022-02-03 18:09:00,중앙병원입구.송내자이아파트
2022-02-03 18:36:00,축협원미지점
2022-02-03 18:51:00,여월중
2022-02-03 18:54:00,KT부천지사
2022-02-04 07:22:00,중동
2022-02-04 08:06:00,여월중
2022-02-04 08:41:00,중앙병원입구.송내자이아파트
2022-02-04 12:21:00,부천시민학습원
2022-02-04 12:30:00,신중동역2번출구.원미경찰서.롯데백화점
2022-02-04 12:33:00,신중동
2022-02-04 14:10:00,부천대입구
2022-02-04 14:21:00,축협원미지점
2022-02-04 15:53:00,축협원미지점
2022-02-04 16:04:00,시민운동장.시민회관
2022-02-04 18:06:00,중앙병원입구.송내자이아파트
2022-02-04 18:46:00,여월중
2022-02-04 21:54:00,중동
2022-02-05 07:13:00,여월중
2022-02-05 07:22:00,춘의역6번출구
2022-02-05 07:23:00,춘의
2022-02-05 07:25:00,중동
2022-02-05 11:16:00,은하마을.덕유마을
2022-02-05 11:18:00,신중동행정복지센터.고용노동지청
2022-02-05 17:30:00,춘의
2022-02-05 17:33:00,춘의역
2022-02-05 17:43:00,여월중
2022-02-05 19:58:00,상동역1번출구.부천터미널소풍.홈플러스
2022-02-05 20:02:00,상동역1번출구.부천터미널소풍.홈플러스
2022-02-05 20:07:00,계룡리슈빌
2022-02-05 21:45:00,중동
2022-02-06 11:23:00,여월중
2022-02-06 12:57:00,은하쌍용아파트
2022-02-06 13:03:00,부명고.순천향대학병원
2022-02-06 16:56:00,부명고.순천향대학병원
2022-02-06 17:02:00,송내역.로데오거리
2022-02-06 17:05:00,송내
2022-02-06 17:37:00,신동아아파트
2022-02-07 07:21:00,중동
2022-02-07 08:10:00,여월중
2022-02-07 08:42:00,중앙병원입구.송내자이아파트
2022-02-07 08:55:00,신중동
2022-02-07 12:26:00,복지교회.여월성당
2022-02-07 12:41:00,역곡
2022-02-07 12:47:00,역곡
2022-02-07 13:13:00,역곡
2022-02-07 13:22:00,부천
2022-02-07 13:35:00,부천북부역농협
2022-02-07 13:50:00,성곡동주민센터
2022-02-07 14:43:00,중동행정복지센터.시민회관
2022-02-07 14:53:00,축협원미지점
2022-02-07 18:41:00,축협원미지점
2022-02-07 19:02:00,시민운동장.시민회관
2022-02-07 21:12:00,송내역남부
2022-02-07 21:41:00,여월중
2022-02-07 21:50:00,중동
2022-02-07 22:22:00,신중동
2022-02-08 06:52:00,부천대입구
2022-02-08 07:00:00,축협원미지점
2022-02-08 07:21:00,중동
2022-02-08 09:08:00,신중동
2022-02-08 11:04:00,축협원미지점
2022-02-08 11:16:00,KT부천지사
2022-02-08 11:38:00,은하마을.덕유마을
2022-02-08 11:51:00,상동역6번출구.세이브존
2022-02-08 12:58:00,부천시민학습원
2022-02-08 13:03:00,은하쌍용아파트
2022-02-08 13:09:00,신중동역2번출구.원미경찰서.롯데백화점
2022-02-08 13:13:00,신중동
2022-02-08 13:16:00,송내역.로데오거리
2022-02-08 13:47:00,송내역B
2022-02-08 14:08:00,삼익세라믹아파트.SKVIEW아파트
2022-02-08 15:25:00,중동행정복지센터.시민회관
2022-02-08 15:37:00,풍림아파트.부천다문화지원센터
2022-02-08 16:02:00,소사
2022-02-08 16:15:00,송내
2022-02-08 16:21:00,송내역남부(광역버스)
2022-02-08 19:29:00,신중동
2022-02-08 19:31:00,신중동역3번출구.원미경찰서.롯데백화점
2022-02-08 19:42:00,부천시민학습원
2022-02-08 21:38:00,신중동
2022-02-08 21:47:00,중동
2022-02-08 22:11:00,상동역1번출구.부천터미널소풍.홈플러스
2022-02-08 22:13:00,상동역1번출구.부천터미널소풍.홈플러스
2022-02-08 22:20:00,계룡리슈빌
2022-02-09 07:22:00,중동
2022-02-09 12:18:00,신중동
2022-02-09 13:01:00,부천시민학습원
2022-02-09 13:10:00,신중동역2번출구.원미경찰서.롯데백화점
2022-02-09 13:13:00,신중동
2022-02-09 18:41:00,부천시청역2번출구.현대백화점.이마트
2022-02-09 19:17:00,신중동
2022-02-09 19:24:00,신중동역3번출구.원미경찰서.롯데백화점
2022-02-09 19:31:00,부천시민학습원
2022-02-09 20:03:00,신중동
2022-02-09 21:46:00,중동
2022-02-10 06:46:00,부천대입구
2022-02-10 06:55:00,축협원미지점
2022-02-10 07:22:00,중동
2022-02-10 10:44:00,축협원미지점
2022-02-10 10:58:00,시민운동장.시민회관
2022-02-10 11:20:00,부천시청
2022-02-10 13:01:00,부천시민학습원
2022-02-10 13:08:00,신중동역2번출구.원미경찰서.롯데백화점
2022-02-10 13:13:00,신중동
2022-02-10 17:05:00,축협원미지점
2022-02-10 17:20:00,KT부천지사
2022-02-10 18:58:00,상동역1번출구.부천터미널소풍.홈플러스
2022-02-10 19:02:00,상동역1번출구.부천터미널소풍.홈플러스
2022-02-10 19:08:00,신중동역3번출구.롯데백화점
2022-02-10 19:16:00,신중동
2022-02-10 19:26:00,신중동역3번출구.원미경찰서.롯데백화점
2022-02-10 19:37:00,부천시민학습원
2022-02-10 21:46:00,중동
2022-02-11 07:22:00,중동
2022-02-11 08:51:00,부천시청
2022-02-11 10:22:00,신중동
2022-02-11 10:28:00,부천종합운동장
2022-02-11 10:57:00,부천종합운동장
2022-02-11 11:12:00,신중동
2022-02-11 12:20:00,도당주민지원센터
2022-02-11 12:58:00,부천시민학습원
2022-02-11 13:09:00,신중동역2번출구.원미경찰서.롯데백화점
2022-02-11 13:12:00,신중동
2022-02-11 17:59:00,부천시청역2번출구.현대백화점.이마트
2022-02-11 19:11:00,신중동
2022-02-11 19:19:00,신중동역3번출구.원미경찰서.롯데백화점
2022-02-11 19:26:00,부천시민학습원
2022-02-11 19:39:00,상동
2022-02-11 21:12:00,춘의역7번출구
2022-02-11 21:18:00,도당사거리.도당중학교
2022-02-11 21:53:00,중동
2022-02-12 07:26:00,중동
2022-02-12 10:39:00,부천터미널소풍
2022-02-12 16:17:00,부천터미널소풍
2022-02-12 16:26:00,은하마을.덕유마을
2022-02-12 16:39:00,춘의
2022-02-12 16:44:00,송내역C
2022-02-12 16:45:00,송내
2022-02-12 18:35:00,대성병원
2022-02-12 18:58:00,서림아파트
2022-02-12 21:05:00,상동역1번출구.부천터미널소풍.홈플러스
2022-02-12 21:06:00,상동역1번출구.부천터미널소풍.홈플러스
2022-02-12 21:10:00,부천시청역1번출구
2022-02-12 21:45:00,중동
2022-02-12 22:10:00,부강아파트
2022-02-12 22:28:00,상동역1번출구.부천터미널소풍.홈플러스
2022-02-12 22:28:00,대성병원
2022-02-12 22:38:00,상동역7번출구.세이브존
2022-02-12 22:47:00,금강마을상가.한라마을
2022-02-13 05:43:00,중동
2022-02-13 13:41:00,상동역8번출구세이브존
2022-02-13 14:15:00,상동역1번출구.부천터미널소풍.홈플러스
2022-02-13 22:11:00,중동
2022-02-13 22:22:00,대성병원.심곡천사거리
2022-02-13 23:11:00,상동역1번출구.부천터미널소풍.홈플러스
2022-02-14 07:22:00,중동
2022-02-14 08:43:00,상동
2022-02-14 08:53:00,세일병원입구
2022-02-14 18:12:00,삼정종합사회복지관
2022-02-14 19:31:00,상동
2022-02-14 21:53:00,중동
2022-02-15 06:46:00,부천대입구
2022-02-15 06:55:00,축협원미지점
2022-02-15 07:22:00,중동
2022-02-15 08:54:00,상동
2022-02-15 13:01:00,풍림아파트.부천다문화지원센터
2022-02-15 13:06:00,부천시민학습원
2022-02-15 13:11:00,KT부천지사
2022-02-15 13:12:00,신중동역2번출구.원미경찰서.롯데백화점
2022-02-15 13:16:00,신중동
2022-02-15 16:58:00,부천시청역4번출구.현대백화점.경기예고
2022-02-15 17:00:00,부천터미널소풍
2022-02-15 17:03:00,부천터미널소풍
2022-02-15 19:18:00,부천시청
2022-02-15 19:42:00,부천시민학습원
2022-02-15 21:54:00,중동
2022-02-15 22:41:00,상동역1번출구.부천터미널소풍.홈플러스
2022-02-15 22:42:00,상동역1번출구.부천터미널소풍.홈플러스
2022-02-15 22:48:00,계룡리슈빌
2022-02-16 07:21:00,중동
2022-02-16 12:56:00,부천시민학습원
2022-02-16 13:06:00,신중동역2번출구.원미경찰서.롯데백화점
2022-02-16 13:09:00,신중동
2022-02-16 14:45:00,중동행정복지센터.시민회관
2022-02-16 14:57:00,축협원미지점
2022-02-16 18:22:00,축협원미지점
2022-02-16 18:38:00,부천대입구
2022-02-16 18:59:00,부천시청
2022-02-16 21:42:00,중동
2022-02-17 06:46:00,부천대입구
2022-02-17 06:55:00,축협원미지점
2022-02-17 07:22:00,중동
2022-02-17 08:49:00,상동
2022-02-17 08:53:00,세일병원입구
2022-02-17 12:21:00,축협원미지점
2022-02-17 12:37:00,KT부천지사
2022-02-17 13:11:00,부천시민학습원
2022-02-17 13:17:00,신중동역2번출구.원미경찰서.롯데백화점
2022-02-17 13:20:00,신중동
2022-02-17 17:03:00,부천터미널소풍
2022-02-17 19:11:00,상동
2022-02-17 19:39:00,대성병원.심곡천사거리
2022-02-17 19:40:00,부천시민학습원
2022-02-17 21:50:00,중동
2022-02-17 22:04:00,양지마을
2022-02-17 23:01:00,상동역1번출구.부천터미널소풍.홈플러스
2022-02-17 23:01:00,상동역1번출구.부천터미널소풍.홈플러스
2022-02-17 23:01:00,북부도서관
2022-02-17 23:03:00,내촌고가입구
2022-02-17 23:07:00,신중동역3번출구.롯데백화점
2022-02-18 07:22:00,중동
2022-02-18 08:39:00,상동
2022-02-18 08:48:00,대성병원
2022-02-18 13:01:00,부천시민학습원
2022-02-18 13:09:00,신중동역2번출구.원미경찰서.롯데백화점
2022-02-18 13:14:00,신중동
2022-02-18 15:29:00,중동행정복지센터.시민회관
2022-02-18 17:19:00,상동역1번출구.부천터미널소풍.홈플러스
2022-02-18 19:09:00,신중동
2022-02-18 19:14:00,신중동역3번출구.원미경찰서.롯데백화점
2022-02-18 19:24:00,부천시민학습원
2022-02-18 21:54:00,중동
2022-02-18 22:01:00,상동역1번출구.부천터미널소풍.홈플러스
2022-02-18 22:02:00,상동역1번출구.부천터미널소풍.홈플러스
2022-02-18 22:08:00,부천시청역1번출구
2022-02-19 05:19:00,부천대입구
2022-02-19 05:27:00,축협원미지점
2022-02-19 07:27:00,중동
2022-02-19 11:00:00,은하쌍용아파트
2022-02-19 11:05:00,부천터미널소풍
2022-02-19 11:24:00,부천터미널소풍
2022-02-19 12:57:00,송내
2022-02-19 13:00:00,송내역C
2022-02-19 13:02:00,송내역.반달공영주차장
2022-02-19 14:55:00,춘의
2022-02-19 19:35:00,풍림아파트.부천다문화지원센터
2022-02-19 19:46:00,부천대입구
2022-02-19 21:37:00,양지마을
2022-02-19 21:52:00,중동
2022-02-19 22:28:00,상동역1번출구.부천터미널소풍.홈플러스
2022-02-19 22:32:00,상동역1번출구.부천터미널소풍.홈플러스
2022-02-19 22:37:00,계룡리슈빌
2022-02-20 16:37:00,상동
2022-02-20 22:21:00,상동역1번출구.부천터미널소풍.홈플러스
2022-02-20 22:22:00,상동역1번출구.부천터미널소풍.홈플러스
2022-02-20 22:29:00,계룡리슈빌
2022-02-21 07:22:00,중동
2022-02-21 07:51:00,부천시청
2022-02-21 11:27:00,춘의역5번출구
2022-02-21 14:11:00,신중동역3번출구.롯데백화점
2022-02-21 14:31:00,대진아파트
2022-02-21 15:03:00,중동행정복지센터.시민회관
2022-02-21 15:20:00,축협원미지점
2022-02-21 18:37:00,축협원미지점
2022-02-21 18:55:00,시민운동장.시민회관
2022-02-21 20:14:00,삼익세라믹아파트.SKVIEW아파트
2022-02-21 20:38:00,신중동역4번출구.롯데백화점
2022-02-21 23:15:00,중동
2022-02-22 07:13:00,부천대입구
2022-02-22 07:22:00,중동
2022-02-22 07:23:00,축협원미지점
2022-02-22 08:49:00,부천시청
2022-02-22 10:51:00,축협원미지점
2022-02-22 11:07:00,시민운동장.시민회관
2022-02-22 13:06:00,부천시민학습원
2022-02-22 13:11:00,신중동역2번출구.원미경찰서.롯데백화점
2022-02-22 13:16:00,신중동
2022-02-22 14:41:00,천화사.심원고등학교
2022-02-22 20:04:00,상동
2022-02-22 21:52:00,중동
2022-02-23 06:43:00,트레지움1단지.다니엘병원
2022-02-23 07:23:00,중동
2022-02-23 08:59:00,상동
2022-02-23 13:11:00,부천시민학습원
2022-02-23 13:18:00,신중동역2번출구.원미경찰서.롯데백화점
2022-02-23 13:19:00,신중동
2022-02-23 15:05:00,시민운동장
2022-02-23 15:20:00,축협원미지점
2022-02-23 16:55:00,축협원미지점
2022-02-23 17:08:00,KT부천지사
2022-02-23 18:38:00,신중동
2022-02-23 18:49:00,신중동역3번출구.원미경찰서.롯데백화점
2022-02-23 18:57:00,부천시민학습원
2022-02-23 21:51:00,중동
2022-02-24 07:01:00,부천대입구
2022-02-24 07:09:00,축협원미지점
2022-02-24 07:23:00,중동
2022-02-24 11:11:00,축협원미지점
2022-02-24 11:24:00,KT부천지사
2022-02-24 13:08:00,부천시민학습원
2022-02-24 13:14:00,신중동역2번출구.원미경찰서.롯데백화점
2022-02-24 13:18:00,신중동
2022-02-24 18:04:00,부천시청역4번출구.현대백화점.경기예고
2022-02-24 19:48:00,상동역1번출구.부천터미널소풍.홈플러스
2022-02-24 19:59:00,상동역1번출구.부천터미널소풍.홈플러스
2022-02-24 20:05:00,계룡리슈빌
2022-02-24 21:53:00,중동
2022-02-25 07:22:00,중동
2022-02-25 08:47:00,세일병원입구
2022-02-25 09:54:00,부천대입구
2022-02-25 10:05:00,축협원미지점
2022-02-25 13:03:00,부천시민학습원
2022-02-25 13:12:00,신중동역2번출구.원미경찰서.롯데백화점
2022-02-25 13:16:00,신중동
2022-02-25 16:09:00,부천시청
2022-02-25 19:15:00,상동
2022-02-25 19:16:00,신중동
2022-02-25 19:20:00,신중동역3번출구.원미경찰서.롯데백화점
2022-02-25 19:29:00,부천시민학습원
2022-02-25 21:06:00,부천시민학습원
2022-02-25 21:16:00,부천시청역5번출구
2022-02-25 21:58:00,중동
2022-02-26 07:25:00,중동
2022-02-26 08:39:00,부천시청역2번출구.현대백화점.이마트
2022-02-26 08:42:00,중원초교
2022-02-26 12:21:00,상동
2022-02-26 14:19:00,춘의
2022-02-26 14:50:00,부천시청
2022-02-26 16:08:00,상동역1번출구.부천터미널소풍.홈플러스
2022-02-26 16:09:00,상동역1번출구.부천터미널소풍.홈플러스
2022-02-26 16:17:00,신중동역3번출구.원미경찰서.롯데백화점
2022-02-26 21:56:00,중동
2022-02-27 12:43:00,부천시청
2022-02-27 13:37:00,부천시청
2022-02-27 13:41:00,부천시청역5번출구
2022-02-27 13:47:00,상동역3번출구.홈플러스상동점
2022-02-27 19:06:00,부천시청
2022-02-27 19:26:00,부천시청
2022-02-27 20:07:00,옥길단독2블럭.상업지역
2022-02-27 20:36:00,부천역.국민은행
2022-02-27 21:01:00,부천역북부(기점)
2022-02-27 21:21:00,한라마을.금강주공아파트
2022-02-27 21:46:00,도당사거리.도당중학교
2022-02-28 07:21:00,중동
2022-02-28 09:37:00,춘의
2022-02-28 12:21:00,부천시민학습원
2022-02-28 12:29:00,신중동역2번출구.원미경찰서.롯데백화점
2022-02-28 12:34:00,신중동
2022-02-28 14:32:00,부천대입구
2022-02-28 14:44:00,축협원미지점
2022-02-28 15:05:00,춘의
2022-02-28 16:23:00,신중동
2022-02-28 16:30:00,신중동역3번출구.원미경찰서.롯데백화점
2022-02-28 16:40:00,대성병원.심곡천사거리
2022-02-28 19:42:00,축협원미지점
2022-02-28 19:57:00,시민운동장.시민회관
2022-02-28 21:49:00,중동
2022-02-28 23:02:00,부천역북부.농협
2022-02-28 23:21:00,덕유마을3단지
2022-03-01 06:07:00,춘의역6번출구
2022-03-01 07:26:00,중동
2022-03-01 09:13:00,부천대입구
2022-03-01 09:22:00,축협원미지점
2022-03-01 10:51:00,춘의
2022-03-01 21:47:00,송내
2022-03-02 06:33:00,트레지움1단지.다니엘병원
2022-03-02 07:21:00,중동
2022-03-02 08:19:00,부천시청
2022-03-02 12:56:00,부천시민학습원
2022-03-02 13:06:00,신중동역2번출구.원미경찰서.롯데백화점
2022-03-02 13:11:00,신중동
2022-03-02 13:13:00,상동
2022-03-02 13:20:00,신중동
2022-03-02 15:07:00,중동행정복지센터.시민회관
2022-03-02 15:22:00,축협원미지점
2022-03-02 18:14:00,신중동
2022-03-02 18:17:00,신중동역3번출구.원미경찰서.롯데백화점
2022-03-02 18:23:00,원미고등학교
2022-03-02 18:38:00,축협원미지점
2022-03-02 18:59:00,시민운동장.시민회관
2022-03-02 19:40:00,상동
2022-03-02 21:52:00,중동
2022-03-02 23:34:00,신흥시장
2022-03-03 07:04:00,부천대입구
2022-03-03 07:11:00,축협원미지점
2022-03-03 07:22:00,중동
2022-03-03 08:26:00,상동
2022-03-03 08:37:00,은하마을.덕유마을
2022-03-03 08:55:00,부천보건소.건영아파트
2022-03-03 09:06:00,부천보건소.건영아파트
2022-03-03 09:19:00,중흥고교
2022-03-03 11:29:00,부천북초등학교.원미동우체국
2022-03-03 11:36:00,시민운동장.시민회관
2022-03-03 13:01:00,부천시민학습원
2022-03-03 13:06:00,신중동역2번출구.원미경찰서.롯데백화점
2022-03-03 13:10:00,신중동
2022-03-03 19:11:00,신중동
2022-03-03 19:27:00,신중동역3번출구.원미경찰서.롯데백화점
2022-03-03 19:34:00,대성병원.심곡천사거리
2022-03-03 21:31:00,상동
2022-03-03 21:47:00,중동
2022-03-04 07:22:00,중동
2022-03-04 08:44:00,상동
2022-03-04 13:01:00,부천시민학습원
2022-03-04 13:09:00,신중동역2번출구.원미경찰서.롯데백화점
2022-03-04 13:13:00,신중동
2022-03-04 19:23:00,신중동
2022-03-04 19:29:00,신중동역3번출구.원미경찰서.롯데백화점
2022-03-04 19:39:00,대성병원.심곡천사거리
2022-03-04 21:53:00,중동
2022-03-05 07:27:00,중동
2022-03-05 09:19:00,상동
2022-03-05 14:24:00,춘의
2022-03-05 14:32:00,까치울
2022-03-05 14:39:00,까치울역5번출구.까치울전원마을3.4단지
2022-03-05 14:50:00,롯데아파트
2022-03-05 17:14:00,덕산중고교.덕산초교
2022-03-05 17:18:00,원일초등학교.동문아파트
2022-03-05 21:45:00,중동
2022-03-06 14:25:00,부천시청
2022-03-06 14:38:00,신중동
2022-03-06 22:12:00,부천시청
2022-03-07 07:51:00,상동
2022-03-07 18:41:00,축협원미지점
2022-03-07 18:52:00,부천역.국민은행
2022-03-07 21:58:00,상동
2022-03-08 07:12:00,중동행정복지센터.시민회관
2022-03-08 07:24:00,축협원미지점
2022-03-08 09:04:00,상동
2022-03-08 12:59:00,부천시민학습원
2022-03-08 13:09:00,신중동역2번출구.원미경찰서.롯데백화점
2022-03-08 13:13:00,신중동
2022-03-08 18:28:00,신중동
2022-03-08 18:31:00,신중동역3번출구.원미경찰서.롯데백화점
2022-03-08 18:39:00,대성병원.심곡천사거리
2022-03-09 07:26:00,중동
2022-03-09 09:08:00,중동행정복지센터.시민회관
2022-03-09 09:22:00,축협원미지점
2022-03-09 11:03:00,송내
2022-03-09 11:16:00,송내역B
2022-03-09 11:32:00,상동역2번출구.홈플러스상동점
2022-03-09 18:37:00,축협원미지점
2022-03-09 18:49:00,KT부천지사
2022-03-09 19:27:00,부천터미널소풍
2022-03-09 19:41:00,송내역B
2022-03-09 19:42:00,송내
2022-03-09 19:58:00,역곡
2022-03-09 20:02:00,역곡역.역곡남부시장
2022-03-09 20:13:00,옥길단독2블럭
2022-03-09 20:27:00,옥길단독2블럭.상업지역
2022-03-09 20:41:00,역곡역.역곡남부시장
2022-03-09 20:46:00,역곡
2022-03-09 20:54:00,송내
2022-03-09 21:01:00,송내역B
2022-03-09 21:13:00,상동역2번출구.홈플러스상동점
2022-03-09 21:28:00,상동역7번출구.세이브존
2022-03-09 21:36:00,금강마을상가.한라마을
2022-03-09 21:44:00,중동
2022-03-10 07:04:00,부천대입구
2022-03-10 07:10:00,축협원미지점
2022-03-10 07:22:00,중동
2022-03-10 09:01:00,부천시청
2022-03-10 10:33:00,축협원미지점
2022-03-10 10:47:00,시민운동장.시민회관
2022-03-10 13:06:00,부천시민학습원
2022-03-10 13:12:00,신중동역2번출구.원미경찰서.롯데백화점
2022-03-10 13:16:00,신중동
2022-03-10 19:09:00,신중동
2022-03-10 19:13:00,신중동역3번출구.원미경찰서.롯데백화점
2022-03-10 19:24:00,부천시민학습원
2022-03-10 20:53:00,상동
2022-03-10 21:47:00,중동
2022-03-11 07:22:00,중동
2022-03-11 08:50:00,상동
2022-03-11 21:11:00,신중동
2022-03-11 21:18:00,신중동역2번출구.원미경찰서.롯데백화점
2022-03-11 21:37:00,금강마을상가.한라마을
2022-03-11 21:47:00,중동
2022-03-12 07:26:00,중동
2022-03-12 10:10:00,부천시청역3번출구.경기예고.현대백화점
2022-03-12 15:27:00,춘의
2022-03-12 21:36:00,중동
2022-03-13 00:51:00,신중동역4번출구.롯데백화점
2022-03-13 10:43:00,춘의
2022-03-13 11:13:00,부천시청
2022-03-13 11:57:00,중동
2022-03-13 16:44:00,송내
2022-03-13 18:19:00,부천시청
2022-03-14 06:55:00,부천대입구
2022-03-14 07:04:00,축협원미지점
2022-03-14 07:22:00,중동
2022-03-14 08:58:00,부천시청
2022-03-14 10:13:00,축협원미지점
2022-03-14 10:29:00,시민운동장.시민회관
2022-03-14 16:58:00,영스포렉스
2022-03-14 17:21:00,축협원미지점
2022-03-14 21:28:00,부천시청역4번출구.현대백화점.경기예고
2022-03-14 21:46:00,중동
2022-03-15 06:41:00,트레지움1단지.다니엘병원
2022-03-15 06:43:00,부천대입구
2022-03-15 06:53:00,축협원미지점
2022-03-15 07:22:00,중동
2022-03-15 07:42:00,법원.검찰청.복사골문화센터.반달마을
2022-03-15 08:06:00,부천시청
2022-03-15 11:33:00,풍림아파트.부천다문화지원센터
2022-03-15 11:44:00,시민운동장.시민회관
2022-03-15 14:14:00,시민운동장
2022-03-15 14:16:00,부천대학입구.KT부천지사
2022-03-15 19:09:00,반달마을.법원.검찰청
2022-03-15 21:53:00,중동
2022-03-15 23:42:00,부천시청
2022-03-16 06:33:00,트레지움1단지.다니엘병원
2022-03-16 06:59:00,중동행정복지센터.시민회관
2022-03-16 07:12:00,축협원미지점
2022-03-16 07:22:00,중동
2022-03-16 07:42:00,법원.검찰청.복사골문화센터.반달마을
2022-03-16 08:51:00,상동
2022-03-16 19:18:00,반달마을.법원.검찰청
2022-03-16 21:47:00,중동
2022-03-16 22:37:00,상동역8번출구세이브존
2022-03-17 07:22:00,중동
2022-03-17 07:40:00,법원.검찰청.복사골문화센터.반달마을
2022-03-17 09:01:00,부천시청
2022-03-17 10:24:00,축협원미지점
2022-03-17 10:39:00,KT부천지사
2022-03-17 13:32:00,춘의역5번출구
2022-03-17 13:36:00,신중동역4번출구.롯데백화점
2022-03-17 21:45:00,부천
2022-03-17 21:51:00,중동
2022-03-17 21:59:00,부천역북부(기점)
2022-03-17 22:09:00,신중동역2번출구.원미경찰서.롯데백화점
2022-03-17 22:34:00,송내역.로데오거리
2022-03-17 23:50:00,내촌사거리
2022-03-18 06:46:00,부천대입구
2022-03-18 06:58:00,축협원미지점
2022-03-18 07:22:00,중동
2022-03-18 07:25:00,법원.검찰청.복사골문화센터.반달마을
2022-03-18 09:02:00,부천시청
2022-03-18 10:47:00,축협원미지점
2022-03-18 10:58:00,시민운동장.시민회관
2022-03-18 19:45:00,송내
2022-03-18 19:54:00,송내역B
2022-03-18 20:10:00,상동역2번출구.홈플러스상동점
2022-03-18 21:46:00,중동
2022-03-18 22:16:00,송내역.로데오거리
2022-03-19 05:19:00,부천대입구
2022-03-19 05:27:00,축협원미지점
2022-03-19 07:27:00,중동
2022-03-19 20:05:00,부천시청
2022-03-19 21:43:00,중동
2022-03-20 11:25:00,중동
2022-03-20 16:34:00,중동
2022-03-20 17:14:00,상동역3번출구.홈플러스상동점
2022-03-20 17:27:00,송내역B
2022-03-20 17:28:00,송내
2022-03-21 06:31:00,트레지움1단지.다니엘병원
2022-03-21 07:22:00,중동
2022-03-21 07:24:00,법원.검찰청.복사골문화센터.반달마을
2022-03-21 15:48:00,KT부천지사
2022-03-21 15:59:00,풍림아파트.부천다문화지원센터
2022-03-21 18:45:00,축협원미지점
2022-03-21 18:57:00,KT부천지사
2022-03-21 19:19:00,송내역.로데오거리
2022-03-21 20:03:00,부천시청
2022-03-21 20:10:00,부천시청역5번출구
2022-03-21 20:17:00,상동역3번출구.홈플러스상동점
2022-03-21 20:59:00,트레지움1단지.다니엘병원
2022-03-21 21:53:00,중동
2022-03-22 06:46:00,부천대입구
2022-03-22 06:55:00,축협원미지점
2022-03-22 07:21:00,중동
2022-03-22 07:25:00,법원.검찰청.복사골문화센터.반달마을
2022-03-22 08:58:00,부천시청
2022-03-22 11:56:00,풍림아파트.부천다문화지원센터
2022-03-22 12:05:00,시민운동장.시민회관
2022-03-22 13:01:00,부천시민학습원
2022-03-22 13:08:00,위브더스테이트5단지
2022-03-22 13:12:00,신중동
2022-03-22 15:05:00,신중동
2022-03-22 19:03:00,상동역1번출구.부천터미널소풍.홈플러스
2022-03-22 19:20:00,상동역8번출구세이브존
2022-03-22 19:29:00,신중동
2022-03-22 19:31:00,신중동역3번출구.원미경찰서.롯데백화점
2022-03-22 19:39:00,부천시민학습원
2022-03-22 20:27:00,춘의역7번출구
2022-03-22 20:30:00,도당사거리.도당중학교
2022-03-22 21:03:00,부천시청
2022-03-22 21:56:00,중동
2022-03-23 06:47:00,신흥시장
2022-03-23 07:21:00,중동
2022-03-23 07:42:00,법원.검찰청.복사골문화센터.반달마을
2022-03-23 08:36:00,부천시청
2022-03-23 13:01:00,대성병원.심곡천사거리
2022-03-23 13:09:00,신중동역2번출구.원미경찰서.롯데백화점
2022-03-23 13:13:00,신중동
2022-03-23 19:05:00,신중동
2022-03-23 19:12:00,신중동역3번출구.원미경찰서.롯데백화점
2022-03-23 19:21:00,부천시민학습원
2022-03-23 21:18:00,송내역.로데오거리
2022-03-23 21:55:00,중동
2022-03-23 23:11:00,종로약국
2022-03-24 07:07:00,부천대입구
2022-03-24 07:18:00,축협원미지점
2022-03-24 07:21:00,중동
2022-03-24 07:24:00,법원.검찰청.복사골문화센터.반달마을
2022-03-24 09:01:00,부천시청
2022-03-24 11:56:00,풍림아파트.부천다문화지원센터
2022-03-24 12:04:00,KT부천지사
2022-03-24 13:01:00,부천시민학습원
2022-03-24 13:09:00,신중동역2번출구.원미경찰서.롯데백화점
2022-03-24 13:14:00,신중동
2022-03-24 19:11:00,신중동
2022-03-24 19:14:00,신중동역3번출구.원미경찰서.롯데백화점
2022-03-24 19:24:00,부천시민학습원
2022-03-24 19:33:00,송내역.로데오거리
2022-03-24 21:27:00,부천시청
2022-03-24 21:50:00,중동
2022-03-25 06:45:00,신흥시장
2022-03-25 07:21:00,법원.검찰청.복사골문화센터.반달마을
2022-03-25 07:22:00,중동
2022-03-25 08:56:00,부천시청
2022-03-25 13:06:00,부천시민학습원
2022-03-25 13:14:00,신중동역2번출구.원미경찰서.롯데백화점
2022-03-25 13:17:00,신중동
2022-03-25 18:26:00,은하마을.덕유마을
2022-03-25 18:28:00,신중동
2022-03-25 18:30:00,포도마을사거리.현대백화점.이마트
2022-03-25 18:35:00,신중동역3번출구.원미경찰서.롯데백화점
2022-03-25 18:44:00,대성병원.심곡천사거리
2022-03-25 20:23:00,약대주민지원센터.약대초등학교
2022-03-25 20:36:00,신중동
2022-03-25 21:56:00,중동
2022-03-25 22:19:00,반달마을.법원.검찰청
2022-03-26 07:27:00,중동
2022-03-26 14:38:00,부천시청역3번출구.경기예고.현대백화점
2022-03-26 21:52:00,부천
2022-03-26 21:59:00,부천
2022-03-26 22:03:00,중동
2022-03-27 00:05:00,신중동역4번출구.롯데백화점
2022-03-27 09:57:00,도당사거리.북중학교
2022-03-27 10:20:00,춘의
2022-03-27 11:19:00,부천시청
2022-03-27 16:34:00,부천터미널소풍
2022-03-27 16:49:00,송내역B
2022-03-27 16:50:00,송내
2022-03-27 17:04:00,역곡
2022-03-27 18:35:00,상동역1번출구.부천터미널소풍.홈플러스
2022-03-27 18:35:00,상동역1번출구.부천터미널소풍.홈플러스
2022-03-27 18:38:00,계룡리슈빌
2022-03-27 19:49:00,역곡역.역곡남부시장
2022-03-27 20:00:00,LH옥길8단지
2022-03-27 20:34:00,역곡
2022-03-27 20:57:00,송내
2022-03-27 22:13:00,내촌사거리
2022-03-27 23:13:00,원종사거리
2022-03-27 23:18:00,여월휴먼시아3단지
2022-03-28 06:31:00,트레지움1단지.다니엘병원
2022-03-28 07:05:00,도당사거리.도당중학교
2022-03-28 07:09:00,춘의역6번출구
2022-03-28 07:22:00,중동
2022-03-28 09:01:00,부천시청
2022-03-28 09:49:00,부천대입구
2022-03-28 10:00:00,축협원미지점
2022-03-28 11:42:00,춘의
2022-03-28 13:36:00,중동
2022-03-28 15:44:00,춘의
2022-03-28 20:12:00,삼정초등학교
2022-03-28 21:16:00,축협원미지점
2022-03-28 21:27:00,시민운동장.시민회관
2022-03-28 21:35:00,송내
2022-03-28 21:36:00,송내역B
2022-03-28 21:47:00,상동역2번출구.홈플러스상동점
2022-03-29 06:44:00,신흥시장
2022-03-29 09:04:00,부천시청
2022-03-29 12:55:00,부천시민학습원
2022-03-29 13:02:00,신중동역2번출구.원미경찰서.롯데백화점
2022-03-29 13:05:00,신중동
2022-03-29 14:45:00,부천상상거리
2022-03-29 14:55:00,축협원미지점
2022-03-29 17:23:00,오정동경인OBS방송국
2022-03-29 18:13:00,오정동경인OBS방송국
2022-03-29 18:36:00,그린타운상가.무지개마을
2022-03-29 19:28:00,신중동
2022-03-29 19:39:00,부천시민학습원
2022-03-29 20:36:00,삼정종합사회복지관
2022-03-29 21:00:00,부천종합운동장역4번출구
2022-03-29 21:09:00,부천종합운동장
2022-03-29 21:26:00,부천시청
2022-03-30 07:42:00,법원.검찰청.복사골문화센터.반달마을
2022-03-30 08:58:00,부천시청
2022-03-30 10:27:00,춘의테크노파크단지앞
2022-03-30 10:38:00,부천전화국
2022-03-30 12:58:00,부천시민학습원
2022-03-30 13:08:00,신중동역2번출구.원미경찰서.롯데백화점
2022-03-30 13:12:00,신중동
2022-03-30 14:26:00,중동행정복지센터.시민회관
2022-03-30 14:39:00,축협원미지점
2022-03-30 18:18:00,신중동
2022-03-30 18:21:00,신중동역3번출구.원미경찰서.롯데백화점
2022-03-30 18:30:00,대성병원.심곡천사거리
2022-03-30 18:58:00,진달래대우.라일락신성아파트
2022-03-30 20:43:00,축협원미지점
2022-03-30 20:56:00,시민운동장.시민회관
2022-03-30 21:56:00,부천시청
2022-03-31 07:42:00,법원.검찰청.복사골문화센터.반달마을
2022-03-31 12:56:00,부천시민학습원
2022-03-31 13:05:00,위브더스테이트5단지
2022-03-31 13:09:00,신중동
2022-03-31 17:44:00,오정동경인OBS방송국
2022-03-31 18:33:00,오정동경인OBS방송국
2022-03-31 18:43:00,부천세무서
2022-03-31 18:43:00,부천세무서
2022-03-31 18:56:00,그린타운상가.무지개마을
2022-03-31 19:10:00,신중동
2022-03-31 19:21:00,신중동역3번출구.원미경찰서.롯데백화점
2022-03-31 19:29:00,부천시민학습원
2022-03-31 21:24:00,춘의역7번출구
2022-03-31 21:28:00,도당사거리.도당중학교
2022-04-01 00:13:00,반달마을.법원.검찰청
2022-04-01 07:28:00,법원.검찰청.복사골문화센터.반달마을
2022-04-01 12:42:00,부천시민학습원
2022-04-01 12:50:00,신중동역2번출구.원미경찰서.롯데백화점
2022-04-01 12:52:00,신중동
2022-04-01 14:30:00,부천대입구
2022-04-01 14:31:00,부천우편집중국.부천실업고
2022-04-01 14:39:00,축협원미지점
2022-04-01 14:47:00,춘의역6번출구
2022-04-01 18:39:00,신중동
2022-04-01 18:43:00,신중동역3번출구.원미경찰서.롯데백화점
2022-04-01 18:52:00,부천시민학습원
2022-04-01 19:23:00,반달마을.법원.검찰청
2022-04-01 21:46:00,축협원미지점
2022-04-01 21:59:00,KT부천지사
2022-04-02 05:34:00,시민운동장
2022-04-02 05:42:00,풍림아파트.부천다문화지원센터
2022-04-02 16:31:00,원종사거리
2022-04-02 16:41:00,춘의가구거리
2022-04-03 11:47:00,법원.검찰청.복사골문화센터.반달마을
2022-04-03 11:49:00,부천시청
2022-04-03 14:53:00,춘의
2022-04-03 16:47:00,KT부천지사
2022-04-03 16:48:00,부천상상거리
2022-04-03 18:04:00,반달마을.법원.검찰청
2022-04-03 21:45:00,내촌고가입구
2022-04-03 23:19:00,종로약국
2022-04-04 07:11:00,법원.검찰청.복사골문화센터.반달마을
2022-04-04 07:21:00,중동
2022-04-04 08:54:00,부천시청
2022-04-04 14:04:00,시민운동장
2022-04-04 14:19:00,축협원미지점
2022-04-04 15:59:00,부천시청
2022-04-04 17:02:00,축협원미지점
2022-04-04 17:18:00,시민운동장.시민회관
2022-04-04 18:06:00,중동행정복지센터.시민회관
2022-04-04 18:20:00,축협원미지점
2022-04-04 20:10:00,반달마을.법원.검찰청
2022-04-04 21:46:00,중동
2022-04-05 07:22:00,중동
2022-04-05 07:28:00,법원.검찰청.복사골문화센터.반달마을
2022-04-05 10:41:00,부천대입구
2022-04-05 10:52:00,축협원미지점
2022-04-05 15:16:00,중동행정복지센터.시민회관
2022-04-05 15:32:00,축협원미지점
2022-04-05 18:40:00,축협원미지점
2022-04-05 18:57:00,시민운동장.시민회관
2022-04-05 20:24:00,송내역.로데오거리
2022-04-05 21:49:00,중동
2022-04-06 07:22:00,중동
2022-04-06 07:26:00,법원.검찰청.복사골문화센터.반달마을
2022-04-06 08:48:00,부천시청
2022-04-06 10:25:00,공구상가.부천천문과학관
2022-04-06 10:33:00,여월중
2022-04-06 15:30:00,중동행정복지센터.시민회관
2022-04-06 15:47:00,축협원미지점
2022-04-06 19:23:00,반달마을.법원.검찰청
2022-04-06 21:53:00,중동
2022-04-07 07:21:00,중동
2022-04-07 07:27:00,법원.검찰청.복사골문화센터.반달마을
2022-04-07 07:53:00,신흥시장
2022-04-07 08:54:00,까치울
2022-04-07 14:23:00,신흥시장입구
2022-04-07 15:41:00,덕유마을.설악마을
2022-04-07 19:13:00,복사골문화센터.한아름마을
2022-04-07 21:50:00,중동
2022-04-07 22:51:00,송내
2022-04-07 22:56:00,송내역B
2022-04-07 23:08:00,상동역1번출구.부천터미널소풍.홈플러스
2022-04-07 23:09:00,상동역1번출구.부천터미널소풍.홈플러스
2022-04-07 23:12:00,부천시청역3번출구.경기예고.현대백화점
2022-04-08 07:20:00,중동
2022-04-08 08:58:00,부천시청
2022-04-08 14:51:00,부천대입구
2022-04-08 15:02:00,축협원미지점
2022-04-08 19:20:00,부천시청
2022-04-08 19:42:00,축협원미지점
2022-04-08 19:56:00,KT부천지사
2022-04-08 21:54:00,중동
2022-04-09 06:51:00,도당사거리.도당중학교
2022-04-09 06:55:00,공구상가.부천천문과학관
2022-04-09 07:25:00,중동
2022-04-09 10:01:00,그린타운상가.무지개마을
2022-04-09 10:17:00,오정동경인OBS방송국
2022-04-09 12:10:00,오정동경인OBS방송국
2022-04-09 12:25:00,신중동역3번출구.원미경찰서.롯데백화점
2022-04-09 13:37:00,부천시청역3번출구.경기예고.현대백화점
2022-04-09 19:23:00,부천시청
2022-04-09 21:55:00,중동
2022-04-09 22:16:00,부천
2022-04-09 23:25:00,송내
2022-04-09 23:26:00,송내역C
2022-04-09 23:37:00,상동역2번출구.홈플러스상동점
2022-04-09 23:41:00,상동역7번출구.세이브존
2022-04-09 23:46:00,금강마을상가.한라마을
2022-04-10 18:59:00,송내역A
2022-04-10 19:13:00,미리내마을
2022-04-11 06:51:00,트레지움1단지.다니엘병원
2022-04-11 07:21:00,중동
2022-04-11 07:44:00,법원.검찰청.복사골문화센터.반달마을
2022-04-11 08:24:00,부천시청
2022-04-11 11:48:00,춘의
2022-04-11 14:39:00,춘의
2022-04-11 15:15:00,부천시민회관
2022-04-11 15:26:00,원미구청
2022-04-11 16:56:00,부천동행정복지센터.원미어울마당
2022-04-11 16:58:00,축협원미지점
2022-04-11 20:15:00,상동
2022-04-11 20:54:00,반달마을.법원.검찰청
2022-04-11 21:50:00,부천시청
2022-04-11 21:54:00,중동
2022-04-11 23:41:00,삼정종합사회복지관
2022-04-12 07:22:00,중동
2022-04-12 07:42:00,법원.검찰청.복사골문화센터.반달마을
2022-04-12 08:11:00,부천시청
2022-04-12 14:30:00,중동행정복지센터.시민회관
2022-04-12 14:46:00,축협원미지점
2022-04-12 18:59:00,송내
2022-04-12 19:05:00,송내역B
2022-04-12 19:23:00,상동역2번출구.홈플러스상동점
2022-04-12 21:01:00,축협원미지점
2022-04-12 21:06:00,부천역북부(기점)
2022-04-12 21:19:00,복사골문화센터.한아름마을
2022-04-12 21:53:00,중동
2022-04-13 07:22:00,중동
2022-04-13 08:25:00,부천터미널소풍
2022-04-13 08:36:00,송내역B
2022-04-13 08:38:00,송내
2022-04-13 11:42:00,춘의역5번출구
2022-04-13 11:56:00,부천우편집중국.부천실업고
2022-04-13 15:54:00,중동행정복지센터.시민회관
2022-04-13 16:06:00,원미풍림아파트.사우촌
2022-04-13 19:46:00,반달마을.법원.검찰청
2022-04-13 21:57:00,부천
2022-04-13 21:59:00,중동
2022-04-13 22:07:00,부천역북부(기점)
2022-04-13 22:28:00,한라마을.금강주공아파트
2022-04-14 07:21:00,중동
2022-04-14 07:42:00,법원.검찰청.복사골문화센터.반달마을
2022-04-14 09:03:00,부천시청
2022-04-14 14:34:00,시민운동장
2022-04-14 14:46:00,축협원미지점
2022-04-14 19:57:00,부천시청
2022-04-14 20:13:00,풍림아파트.부천다문화지원센터
2022-04-14 20:26:00,시민운동장.시민회관
2022-04-14 21:49:00,중동
2022-04-15 07:21:00,중동
2022-04-15 08:47:00,부천시청
2022-04-15 14:39:00,부천대입구
2022-04-15 14:48:00,풍림아파트.부천다문화지원센터
2022-04-15 20:18:00,송내
2022-04-15 20:26:00,송내역C
2022-04-15 20:28:00,축협원미지점
2022-04-15 20:38:00,상동역2번출구.홈플러스상동점
2022-04-15 20:42:00,시민운동장.시민회관
2022-04-15 21:49:00,중동
2022-04-16 07:27:00,중동
2022-04-16 10:30:00,춘의역7번출구
2022-04-16 13:02:00,부천시청역3번출구.경기예고.현대백화점
2022-04-16 15:56:00,은하마을.덕유마을
2022-04-16 16:16:00,송내역C
2022-04-16 16:42:00,도당동장미원입구
2022-04-16 21:45:00,중동
2022-04-16 22:26:00,부천시청역3번출구.경기예고.현대백화점
2022-04-17 01:52:00,부천시청역5번출구
2022-04-17 12:15:00,부천시청
2022-04-17 14:07:00,중동
2022-04-17 14:16:00,부천
2022-04-17 14:56:00,부천
2022-04-17 15:14:00,중동
2022-04-17 17:48:00,부천시청
2022-04-17 23:33:00,부천시청역5번출구
2022-04-18 20:26:00,송내역C
2022-04-18 20:40:00,상동역2번출구.홈플러스상동점
2022-04-19 07:22:00,중동
2022-04-19 08:49:00,부천시청
2022-04-19 19:46:00,송내
2022-04-19 21:53:00,중동
2022-04-20 07:22:00,중동
2022-04-20 08:56:00,부천시청
2022-04-20 10:46:00,송내
2022-04-20 11:13:00,춘의
2022-04-20 15:06:00,춘의
2022-04-21 07:21:00,중동
2022-04-21 08:34:00,부천시청
2022-04-21 21:54:00,중동
2022-04-22 01:23:00,부천시청역4번출구.현대백화점.경기예고
2022-04-22 07:21:00,중동
2022-04-22 08:48:00,부천시청
2022-04-22 20:17:00,송내
2022-04-22 20:20:00,송내역C
2022-04-22 20:34:00,상동역2번출구.홈플러스상동점
2022-04-22 21:55:00,중동
2022-04-23 07:24:00,중동
2022-04-23 09:51:00,그린타운상가.무지개마을
2022-04-23 10:26:00,덕산고.봉오대로사거리
2022-04-23 12:24:00,부천시청
2022-04-23 13:28:00,중동
2022-04-23 15:22:00,부천시청역3번출구.경기예고.현대백화점
2022-04-23 21:45:00,중동
2022-04-24 12:16:00,중동
2022-04-24 17:53:00,중동
2022-04-25 07:22:00,중동
2022-04-25 08:05:00,상동
2022-04-25 08:15:00,부천종합운동장
2022-04-25 08:20:00,부천종합운동장역5번출구
2022-04-25 08:23:00,성곡동행정복지센터.홈플러스여월점
2022-04-25 11:55:00,춘의가구거리
2022-04-25 21:53:00,중동
2022-04-25 22:05:00,성곡동행정복지센터.홈플러스여월점
2022-04-25 22:07:00,부천종합운동장역4번출구
2022-04-25 22:10:00,부천종합운동장
2022-04-25 22:25:00,상동
2022-04-25 22:30:00,상동역3번출구.홈플러스상동점
2022-04-25 22:32:00,하얀마을.백송마을.상원고
2022-04-26 01:09:00,부천시청역5번출구
2022-04-26 07:18:00,부천시청
2022-04-26 07:26:00,부천종합운동장
2022-04-26 07:32:00,부천종합운동장역5번출구
2022-04-26 07:36:00,성곡동행정복지센터.홈플러스여월점
2022-04-26 08:50:00,상동
2022-04-26 15:53:00,중흥마을.은하마을
2022-04-26 17:25:00,오정동경인OBS방송국
2022-04-26 18:56:00,오정동경인OBS방송국
2022-04-26 19:22:00,중앙공원.미리내마을
2022-04-26 21:21:00,성곡동행정복지센터.홈플러스여월점
2022-04-26 21:25:00,부천종합운동장역4번출구
2022-04-26 21:28:00,부천종합운동장
2022-04-26 21:43:00,상동
2022-04-27 07:23:00,중동
2022-04-27 21:49:00,중동
2022-04-28 07:21:00,중동
2022-04-28 14:50:00,도당사거리.도당중학교
2022-04-28 14:56:00,공구상가.부천천문과학관
2022-04-28 21:57:00,중동
2022-04-29 07:21:00,중동
2022-04-29 15:11:00,부천역북부.농협
2022-04-29 15:17:00,부곡중학교
2022-04-29 22:01:00,중동
2022-04-30 07:28:00,중동
2022-04-30 09:08:00,KT북부천지사.365안전교육장
2022-04-30 09:15:00,도당주민지원센터
2022-04-30 12:56:00,춘의
2022-05-01 08:31:00,트레지움1단지.다니엘병원
2022-05-01 22:51:00,내촌고가입구
2022-05-02 07:21:00,중동
2022-05-02 18:49:00,원종종합시장.성곡사거리
2022-05-02 19:44:00,상동
2022-05-02 19:51:00,상동역2번출구.홈플러스상동점
2022-05-02 19:57:00,라일락마을경남아파트
2022-05-02 20:01:00,부천시청
2022-05-02 21:53:00,중동
2022-05-03 07:22:00,중동
2022-05-03 08:14:00,상동
2022-05-03 08:27:00,덕유마을.설악마을
2022-05-03 08:30:00,은하쌍용아파트
2022-05-03 08:32:00,부천시청
2022-05-03 11:28:00,춘의
2022-05-03 16:09:00,중흥마을.은하마을
2022-05-03 16:13:00,신흥시장
2022-05-03 16:29:00,상동
2022-05-03 16:34:00,신중동
2022-05-03 17:35:00,신중동
2022-05-03 17:36:00,내촌사거리
2022-05-03 17:39:00,오정동경인OBS방송국
2022-05-03 18:14:00,오정동경인OBS방송국
2022-05-03 18:41:00,미리내마을
2022-05-03 18:52:00,상동역1번출구.부천터미널소풍.홈플러스
2022-05-03 19:07:00,부천시청
2022-05-03 19:54:00,상동
2022-05-03 20:01:00,상동역2번출구.홈플러스상동점
2022-05-03 21:54:00,중동
2022-05-04 07:21:00,중동
2022-05-04 07:53:00,라일락마을경남아파트
2022-05-04 07:57:00,상동역6번출구.세이브존
2022-05-04 07:59:00,상동
2022-05-04 08:33:00,부천시청
2022-05-04 10:48:00,중동시장앞.넘말
2022-05-04 10:53:00,부천시청역2번출구.현대백화점.이마트
2022-05-04 14:24:00,부천시청역3번출구.경기예고.현대백화점
2022-05-04 14:33:00,원미고등학교
2022-05-04 21:44:00,상동
2022-05-04 21:50:00,상동역7번출구.세이브존
2022-05-04 21:53:00,라일락마을경남아파트
2022-05-04 21:54:00,중동
2022-05-04 22:55:00,부천시청
2022-05-05 07:25:00,중동
2022-05-05 11:10:00,춘의
2022-05-05 21:56:00,중동
2022-05-05 23:44:00,부천우편집중국.부천실업고
2022-05-06 07:21:00,중동
2022-05-06 08:23:00,덕유마을.설악마을
2022-05-06 08:25:00,은하쌍용아파트
2022-05-06 08:28:00,부천시청
2022-05-06 11:11:00,라일락마을경남아파트
2022-05-06 11:16:00,상동역6번출구.세이브존
2022-05-06 12:06:00,상동역7번출구.세이브존
2022-05-06 12:09:00,라일락마을경남아파트
2022-05-06 15:59:00,중동
2022-05-06 18:28:00,부천시청
2022-05-06 19:30:00,상동
2022-05-06 19:55:00,부천시청
2022-05-07 07:26:00,중동
2022-05-07 08:09:00,덕유마을.설악마을
2022-05-07 08:11:00,은하쌍용아파트
2022-05-07 08:17:00,부천시청
2022-05-07 11:08:00,부천시청
2022-05-07 11:20:00,은하마을.덕유마을
2022-05-07 11:36:00,송내역C
2022-05-07 13:19:00,부천시청
2022-05-07 13:21:00,춘의역
2022-05-07 14:40:00,부천시청
2022-05-07 16:47:00,송내
2022-05-07 17:42:00,풍림아파트
2022-05-07 18:55:00,부천터미널소풍
2022-05-07 19:12:00,부천시청
2022-05-07 21:54:00,중동
2022-05-08 10:23:00,상동
2022-05-08 10:35:00,신중동역4번출구.롯데백화점
2022-05-08 16:43:00,원종종합시장.성곡사거리
2022-05-08 17:02:00,소사역지하차도
2022-05-08 17:03:00,소사역지하차도
2022-05-08 19:07:00,소새울
2022-05-08 19:14:00,소사
2022-05-08 19:20:00,소사역2번출구
2022-05-08 19:31:00,원종종합시장.성곡사거리
2022-05-08 20:44:00,부천시청
2022-05-09 08:20:00,덕유마을.설악마을
2022-05-09 08:22:00,은하쌍용아파트
2022-05-09 08:25:00,부천시청
2022-05-09 08:43:00,라일락마을경남아파트
2022-05-09 08:48:00,상동역6번출구.세이브존
2022-05-09 08:50:00,상동
2022-05-09 11:44:00,춘의
2022-05-09 13:51:00,팰리스카운티정문
2022-05-09 14:02:00,부천시청역2번출구.현대백화점.이마트
2022-05-09 15:18:00,춘의
2022-05-09 16:46:00,포도마을사거리.현대백화점.이마트
2022-05-09 17:03:00,중동역.부천여고
2022-05-09 19:15:00,부천시청
2022-05-09 20:38:00,상동
2022-05-09 21:30:00,상동역7번출구.세이브존
2022-05-09 21:34:00,라일락마을경남아파트
2022-05-10 07:21:00,중동
2022-05-10 08:11:00,라일락마을경남아파트
2022-05-10 08:17:00,진달래마을써미트빌
2022-05-10 08:19:00,상동
2022-05-10 08:27:00,덕유마을.설악마을
2022-05-10 08:29:00,은하쌍용아파트
2022-05-10 08:30:00,은하쌍용아파트
2022-05-10 08:31:00,부천시청역5번출구
2022-05-10 08:32:00,부천시청
2022-05-10 13:02:00,포도마을사거리.현대백화점.이마트
2022-05-10 13:16:00,부천고교.현대아파트
2022-05-10 14:47:00,전진아파트
2022-05-10 15:12:00,부천시청역2번출구.현대백화점.이마트
2022-05-10 19:44:00,성곡동행정복지센터.홈플러스여월점
2022-05-10 20:12:00,상동역1번출구.부천터미널소풍.홈플러스
2022-05-10 20:25:00,상동역2번출구.홈플러스상동점
2022-05-10 20:31:00,라일락마을경남아파트
2022-05-10 21:25:00,부천시청
2022-05-10 21:49:00,중동
2022-05-11 07:21:00,중동
2022-05-11 08:29:00,부천시청
2022-05-11 08:32:00,라일락마을경남아파트
2022-05-11 08:38:00,진달래마을써미트빌
2022-05-11 08:42:00,상동
2022-05-11 18:52:00,송내
2022-05-11 18:57:00,송내역C
2022-05-11 19:18:00,부천시청
2022-05-11 19:20:00,라일락마을경남아파트
2022-05-11 21:54:00,중동
2022-05-12 07:21:00,중동
2022-05-12 08:12:00,라일락마을경남아파트
2022-05-12 08:17:00,상동역6번출구.세이브존
2022-05-12 08:20:00,상동
2022-05-12 08:31:00,덕유마을.설악마을
2022-05-12 08:33:00,은하쌍용아파트
2022-05-12 08:37:00,부천시청
2022-05-12 12:52:00,부천시청
2022-05-12 17:12:00,부천시청
2022-05-12 19:59:00,신중동
2022-05-12 21:09:00,상동역8번출구.세이브존
2022-05-12 21:52:00,중동
2022-05-12 21:57:00,상동역2번출구.홈플러스상동점
2022-05-12 22:05:00,라일락마을경남아파트
2022-05-13 07:21:00,중동
2022-05-13 08:01:00,라일락마을경남아파트
2022-05-13 08:06:00,상동역6번출구.세이브존
2022-05-13 08:08:00,상동
2022-05-13 08:27:00,덕유마을.설악마을
2022-05-13 08:30:00,부천시청역5번출구
2022-05-13 08:32:00,부천시청
2022-05-13 15:16:00,진영아파트
2022-05-13 15:46:00,춘의역5번출구
2022-05-13 16:26:00,부천시청
2022-05-13 16:46:00,오정동경인OBS방송국
2022-05-13 17:59:00,상동
2022-05-13 19:06:00,오정동경인OBS방송국
2022-05-13 19:07:00,상동역2번출구.홈플러스상동점
2022-05-13 19:14:00,라일락마을경남아파트
2022-05-13 19:29:00,신중동행정복지센터.고용노동지청
2022-05-13 20:03:00,부천시청
2022-05-13 21:51:00,중동
2022-05-14 07:26:00,중동
2022-05-14 08:55:00,은하쌍용아파트
2022-05-14 09:02:00,부천터미널소풍
2022-05-14 09:09:00,부천터미널소풍
2022-05-14 13:18:00,중동
2022-05-14 19:35:00,송내역남부(광역버스)
2022-05-14 21:16:00,중동
2022-05-14 21:55:00,중동
2022-05-15 07:27:00,은하쌍용아파트
2022-05-15 07:33:00,상동역8번출구.세이브존
2022-05-15 07:37:00,상동역5번출구.상동지하차도
2022-05-15 09:29:00,중동
2022-05-15 16:21:00,상동역1번출구.부천터미널소풍.홈플러스
2022-05-15 16:23:00,상동역1번출구.부천터미널소풍.홈플러스
2022-05-15 16:28:00,부천시청역1번출구
2022-05-15 18:18:00,송내
2022-05-16 07:21:00,중동
2022-05-16 08:15:00,라일락마을하이타운로즈빌
2022-05-16 08:20:00,상동역6번출구.세이브존
2022-05-16 08:22:00,상동
2022-05-16 08:29:00,덕유마을.설악마을
2022-05-16 08:32:00,은하쌍용아파트
2022-05-16 08:36:00,부천시청
2022-05-16 21:13:00,부천시청
2022-05-16 21:15:00,상동역1번출구.부천터미널소풍.홈플러스
2022-05-16 21:49:00,상동역7번출구.세이브존
2022-05-16 21:53:00,중동
2022-05-16 21:54:00,라일락마을경남아파트
2022-05-17 07:21:00,중동
2022-05-17 08:06:00,진달래마을써미트빌
2022-05-17 08:09:00,상동
2022-05-17 08:34:00,부천시청
2022-05-17 19:10:00,신중동행정복지센터.고용노동지청
2022-05-17 19:14:00,트레지움1단지.다니엘병원
2022-05-17 20:45:00,상동역8번출구.세이브존
2022-05-17 21:55:00,중동
2022-05-17 22:57:00,부천시청
2022-05-17 23:04:00,약대주민지원센터.약대초등학교
2022-05-17 23:08:00,신중동행정복지센터.고용노동지청
2022-05-18 07:21:00,중동
2022-05-18 08:05:00,진달래마을써미트빌
2022-05-18 08:09:00,상동
2022-05-18 08:23:00,덕유마을.설악마을
2022-05-18 08:25:00,은하쌍용아파트
2022-05-18 08:29:00,부천시청
2022-05-18 19:00:00,부천종합운동장
2022-05-18 20:13:00,부천시청
2022-05-18 21:35:00,부천종합운동장
2022-05-18 21:46:00,중동
2022-05-18 21:56:00,상동
2022-05-19 07:21:00,중동
2022-05-19 08:25:00,라일락마을경남아파트
2022-05-19 08:30:00,진달래마을써미트빌
2022-05-19 08:31:00,덕유마을.설악마을
2022-05-19 08:33:00,은하쌍용아파트
2022-05-19 08:34:00,상동
2022-05-19 08:34:00,부천시청역5번출구
2022-05-19 08:34:00,은하쌍용아파트
2022-05-19 08:36:00,부천시청
2022-05-19 14:38:00,부천시청
2022-05-19 14:54:00,부천종합운동장
2022-05-19 15:49:00,중동시장앞.넘말
2022-05-19 16:02:00,삼정초등학교
2022-05-19 16:03:00,삼정초등학교
2022-05-19 16:22:00,부천종합운동장
2022-05-19 16:41:00,부천시청
2022-05-19 17:25:00,오정동경인OBS방송국
2022-05-19 18:14:00,오정동경인OBS방송국
2022-05-19 18:37:00,신중동역4번출구.롯데백화점.홈플러스중동
2022-05-19 19:41:00,상동
2022-05-19 19:53:00,부천시청
2022-05-19 20:22:00,상동역2번출구.홈플러스상동점
2022-05-19 20:28:00,라일락마을경남아파트
2022-05-19 21:11:00,오정경찰서.부천옹기박물관
2022-05-19 21:13:00,부천종합운동장역4번출구
2022-05-19 21:16:00,부천종합운동장
2022-05-19 21:29:00,상동
2022-05-19 21:34:00,상동역3번출구.홈플러스상동점
2022-05-19 21:36:00,하얀마을.백송마을.상원고
2022-05-19 21:53:00,중동
2022-05-20 07:20:00,중동
2022-05-20 08:04:00,진달래마을써미트빌
2022-05-20 08:08:00,상동
2022-05-20 08:32:00,부천시청
2022-05-20 19:19:00,부천시청
2022-05-20 21:57:00,중동
2022-05-20 22:14:00,상동
2022-05-20 22:23:00,상동역2번출구.홈플러스상동점
2022-05-20 22:30:00,라일락마을경남아파트
2022-05-21 07:24:00,중동
2022-05-21 14:27:00,부천시청
2022-05-21 14:51:00,춘의
2022-05-21 15:00:00,신중동
2022-05-21 18:20:00,부천시청
2022-05-21 21:58:00,중동
2022-05-21 23:22:00,부천시청
2022-05-22 13:09:00,도당사거리.도당중학교
2022-05-22 13:14:00,공구상가.부천천문과학관
2022-05-22 13:34:00,부천시청
2022-05-22 16:09:00,춘의
2022-05-22 17:08:00,상동역1번출구.부천터미널소풍.홈플러스
2022-05-22 17:09:00,상동역1번출구.부천터미널소풍.홈플러스
2022-05-22 17:16:00,계룡리슈빌
2022-05-23 07:22:00,중동
2022-05-23 08:31:00,부천시청
2022-05-23 08:52:00,라일락마을경남아파트
2022-05-23 08:57:00,상동역6번출구.세이브존
2022-05-23 08:59:00,상동
2022-05-23 11:47:00,춘의
2022-05-23 11:56:00,중동
2022-05-23 16:33:00,중앙공원.미리내마을
2022-05-23 16:49:00,오정동경인OBS방송국
2022-05-23 17:30:00,금강마을
2022-05-23 17:37:00,오정동경인OBS방송국
2022-05-23 18:04:00,현대아파트
2022-05-23 18:06:00,포도마을사거리.현대백화점.이마트
2022-05-23 19:17:00,현대아파트
2022-05-23 19:47:00,포도마을
2022-05-23 19:54:00,상동
2022-05-23 20:01:00,상동역2번출구.홈플러스상동점
2022-05-23 20:09:00,라일락마을경남아파트
2022-05-23 21:39:00,부천시청
2022-05-24 07:23:00,중동
2022-05-24 08:04:00,상동역6번출구.세이브존
2022-05-24 08:06:00,상동
2022-05-24 08:29:00,부천시청
2022-05-24 10:23:00,부천
2022-05-24 11:36:00,부천시청
2022-05-24 15:37:00,금강마을
2022-05-24 15:41:00,부천
2022-05-24 18:06:00,삼정사거리
2022-05-24 18:20:00,은하쌍용아파트
2022-05-24 19:59:00,상동
2022-05-24 20:30:00,상동역7번출구.세이브존
2022-05-24 20:35:00,라일락마을경남아파트
2022-05-24 21:06:00,부천시청
2022-05-24 21:54:00,중동
2022-05-25 07:23:00,중동
2022-05-25 08:03:00,진달래마을써미트빌
2022-05-25 08:07:00,상동
2022-05-25 08:23:00,덕유마을.설악마을
2022-05-25 08:26:00,은하쌍용아파트
2022-05-25 08:28:00,부천시청
2022-05-25 10:22:00,부천시청
2022-05-25 17:52:00,부천시청
2022-05-25 18:58:00,부천시청
2022-05-25 20:04:00,상동
2022-05-25 20:07:00,상동역2번출구.홈플러스상동점
2022-05-25 20:15:00,라일락마을경남아파트
2022-05-25 21:53:00,중동
2022-05-25 22:32:00,상동
2022-05-25 22:49:00,부천시청
2022-05-26 07:21:00,중동
2022-05-26 07:55:00,라일락마을경남아파트
2022-05-26 08:03:00,상동역6번출구.세이브존
2022-05-26 08:05:00,상동
2022-05-26 08:39:00,덕유마을.설악마을
2022-05-26 08:47:00,부천시청
2022-05-26 12:44:00,부천
2022-05-26 16:12:00,부천
2022-05-26 18:46:00,부천시청
2022-05-26 20:22:00,상동
2022-05-26 20:48:00,상동역2번출구.홈플러스상동점
2022-05-26 20:54:00,라일락마을경남아파트
2022-05-26 21:56:00,중동
2022-05-27 07:21:00,중동
2022-05-27 08:09:00,상동
2022-05-27 08:35:00,부천시청
2022-05-27 18:18:00,상동
2022-05-27 18:23:00,상동역2번출구.홈플러스상동점
2022-05-27 18:29:00,라일락마을경남아파트
2022-05-27 21:50:00,중동
2022-05-27 21:56:00,부천시청
2022-05-28 07:25:00,중동
2022-05-28 13:24:00,춘의
2022-05-28 15:16:00,은하마을.덕유마을
2022-05-28 15:36:00,송내역C
2022-05-28 15:47:00,송내
2022-05-28 21:45:00,중동
2022-05-29 13:26:00,부천시청
2022-05-29 15:34:00,부천시청
2022-05-29 17:38:00,신동아아파트
2022-05-29 19:28:00,팰리스카운티정문
2022-05-29 19:34:00,부천시청역2번출구.현대백화점.이마트
2022-05-29 20:59:00,부천시청
2022-05-29 21:28:00,신중동
2022-05-29 22:11:00,포도마을사거리.현대백화점.이마트
2022-05-29 22:28:00,중동역.부천여고
2022-05-30 07:21:00,중동
2022-05-30 08:05:00,하얀마을.백송마을.상원고
2022-05-30 08:37:00,부천시청
2022-05-30 08:47:00,라일락마을경남아파트
2022-05-30 08:52:00,상동역6번출구.세이브존
2022-05-30 08:54:00,상동
2022-05-30 17:53:00,오정동행정복지센터.오정어울마당
2022-05-30 21:26:00,부천시청
2022-05-30 21:56:00,중동
2022-05-30 23:44:00,상동
2022-05-30 23:49:00,상동역2번출구.홈플러스상동점
2022-05-31 07:22:00,중동
2022-05-31 08:16:00,목련마을
2022-05-31 08:21:00,송내역C
2022-05-31 08:33:00,덕유마을.설악마을
2022-05-31 08:35:00,은하쌍용아파트
2022-05-31 08:38:00,부천시청
2022-05-31 08:55:00,라일락마을하이타운로즈빌
2022-05-31 09:00:00,상동역6번출구.세이브존
2022-05-31 09:03:00,상동
2022-05-31 19:35:00,송내
2022-05-31 21:49:00,중동
2022-05-31 23:07:00,송내
2022-05-31 23:19:00,송내역C
2022-05-31 23:35:00,라일락마을경남아파트
2022-06-01 00:30:00,손가면옥
2022-06-01 07:26:00,중동
2022-06-01 08:21:00,목련마을
2022-06-01 08:26:00,송내역C
2022-06-01 08:27:00,송내
2022-06-01 08:27:00,송내
2022-06-01 14:05:00,라일락마을경남아파트
2022-06-01 14:12:00,상동역3번출구.홈플러스상동점
2022-06-01 15:16:00,부천시청
2022-06-01 21:28:00,부천시청
2022-06-01 21:54:00,중동
2022-06-01 22:41:00,상동역1번출구.부천터미널소풍.홈플러스
2022-06-01 22:48:00,부천시청역3번출구.경기예고.현대백화점
2022-06-02 07:21:00,중동
2022-06-02 08:40:00,부천시청
2022-06-02 11:16:00,라일락마을경남아파트
2022-06-02 11:20:00,진달래마을써미트빌
2022-06-02 11:25:00,상동
2022-06-02 20:40:00,부천시청
2022-06-02 21:47:00,중동
2022-06-03 07:22:00,중동
2022-06-03 08:33:00,부천시청
2022-06-03 16:28:00,부천시청
2022-06-03 20:18:00,부천시청
2022-06-03 21:46:00,중동
2022-06-04 07:26:00,중동
2022-06-04 16:19:00,춘의
2022-06-04 21:45:00,중동
2022-06-05 16:37:00,부천시청
2022-06-05 16:54:00,상동
2022-06-05 17:03:00,상동역7번출구.세이브존
2022-06-05 17:07:00,라일락마을경남아파트
2022-06-06 09:38:00,춘의역6번출구
2022-06-06 09:43:00,부천북초등학교.원미동우체국
2022-06-06 11:05:00,대성병원
2022-06-06 11:10:00,춘의역
2022-06-06 13:54:00,송내역남부(광역버스)
2022-06-07 07:21:00,중동
2022-06-07 07:41:00,중동
2022-06-07 08:05:00,진달래마을써미트빌
2022-06-07 08:07:00,상동
2022-06-07 10:14:00,춘의
2022-06-07 12:24:00,심곡고가사거리
2022-06-07 14:36:00,부천시청역4번출구.현대백화점.경기예고
2022-06-07 16:12:00,상동역1번출구.부천터미널소풍.홈플러스
2022-06-07 19:54:00,상동
2022-06-07 19:57:00,상동역7번출구.세이브존
2022-06-07 20:01:00,라일락마을하이타운로즈빌
2022-06-07 21:52:00,중동
2022-06-08 07:21:00,중동
2022-06-08 08:01:00,라일락마을경남아파트
2022-06-08 08:05:00,진달래마을써미트빌
2022-06-08 08:07:00,상동
2022-06-08 08:27:00,덕유마을.설악마을
2022-06-08 08:29:00,은하쌍용아파트
2022-06-08 08:32:00,부천시청
2022-06-08 19:36:00,소사
2022-06-08 19:42:00,상동
2022-06-08 19:51:00,상동역2번출구.홈플러스상동점
2022-06-08 19:57:00,라일락마을경남아파트
2022-06-08 21:55:00,중동
2022-06-08 21:58:00,소사종합시장
2022-06-08 22:35:00,부천시청역2번출구.현대백화점.이마트
2022-06-09 07:01:00,도당중학교
2022-06-09 07:04:00,춘의역6번출구
2022-06-09 07:21:00,중동
2022-06-09 07:45:00,중동
2022-06-09 08:02:00,진달래마을써미트빌
2022-06-09 08:07:00,상동
2022-06-09 08:31:00,덕유마을.설악마을
2022-06-09 08:33:00,은하쌍용아파트
2022-06-09 08:34:00,은하쌍용아파트
2022-06-09 08:34:00,부천시청역5번출구
2022-06-09 08:36:00,부천시청
2022-06-09 18:48:00,부천시청
2022-06-09 21:39:00,상동
2022-06-09 21:46:00,상동역2번출구.홈플러스상동점
2022-06-09 21:48:00,중동
2022-06-09 21:50:00,라일락마을경남아파트
2022-06-10 00:33:00,부천시청
2022-06-10 06:48:00,부천시청역1번출구
2022-06-10 07:21:00,중동
2022-06-10 07:52:00,중동
2022-06-10 07:55:00,라일락마을경남아파트
2022-06-10 08:00:00,상동역6번출구.세이브존
2022-06-10 08:02:00,상동
2022-06-10 08:39:00,덕유마을.설악마을
2022-06-10 08:41:00,은하쌍용아파트
2022-06-10 08:45:00,부천시청
2022-06-10 17:40:00,신중동역4번출구.롯데백화점.홈플러스중동
2022-06-10 18:44:00,중동
2022-06-10 18:50:00,상동
2022-06-10 18:53:00,팰리스카운티.부천중학교
2022-06-10 19:31:00,상동역2번출구.홈플러스상동점
2022-06-10 19:32:00,은하마을.덕유마을
2022-06-10 19:38:00,라일락마을경남아파트
2022-06-10 19:40:00,진달래마을써미트빌
2022-06-10 20:02:00,부천시청
2022-06-10 21:56:00,중동
2022-06-11 07:27:00,중동
2022-06-11 10:30:00,심곡동양파라곤
2022-06-11 10:43:00,현대정형외과
2022-06-11 11:47:00,범박휴먼시아1단지정문
2022-06-11 11:52:00,역곡역.역곡남부시장
2022-06-11 12:07:00,역곡역북부
2022-06-11 12:55:00,상동
2022-06-11 15:40:00,상우아파트.청소년문화의집
2022-06-11 15:52:00,까치울역4번출구.까치울전원마을3.4단지
2022-06-11 15:55:00,까치울
2022-06-11 17:52:00,송내역남부
2022-06-11 18:04:00,KT중동지사
2022-06-11 19:24:00,부천
2022-06-11 21:24:00,역곡역.역곡남부시장
2022-06-11 21:54:00,중동
2022-06-11 22:11:00,부천역북부
2022-06-11 22:48:00,상우아파트.청소년문화의집
2022-06-12 07:40:00,그린타운상가.무지개마을
2022-06-12 07:44:00,중동역
2022-06-12 10:08:00,상우아파트.청소년문화의집
2022-06-12 10:36:00,신중동역4번출구.롯데백화점
2022-06-12 12:07:00,상동
2022-06-12 12:20:00,신중동역3번출구.롯데백화점
2022-06-12 12:35:00,부천상상거리
2022-06-12 13:16:00,부천
2022-06-12 22:49:00,동원아파트
2022-06-13 07:21:00,중동
2022-06-13 07:51:00,중동
2022-06-13 08:10:00,상우아파트.청소년문화의집
2022-06-13 08:27:00,덕유마을.설악마을
2022-06-13 08:30:00,은하쌍용아파트
2022-06-13 08:32:00,부천시청
2022-06-13 08:33:00,라일락마을경남아파트
2022-06-13 08:39:00,역곡자치회관입구
2022-06-13 08:40:00,상동역6번출구.세이브존
2022-06-13 08:41:00,상동
2022-06-13 14:28:00,부천역남부광장
2022-06-13 15:56:00,부천역남부광장
2022-06-13 16:02:00,괴안동입구.성심고가
2022-06-13 18:08:00,부천
2022-06-13 18:17:00,가톨릭대학교입구.보람쉬움아파트
2022-06-13 18:31:00,부천역.국민은행
2022-06-13 18:42:00,위브더스테이트5단지
2022-06-13 18:50:00,상우아파트.청소년문화의집
2022-06-13 19:36:00,상동
2022-06-13 20:03:00,상동역2번출구.홈플러스상동점
2022-06-13 20:11:00,라일락마을경남아파트
2022-06-13 20:31:00,부천시청
2022-06-13 21:54:00,중동
2022-06-14 07:21:00,중동
2022-06-14 07:54:00,중동
2022-06-14 08:07:00,진달래마을써미트빌
2022-06-14 08:09:00,상우아파트.청소년문화의집
2022-06-14 08:13:00,상동
2022-06-14 08:31:00,덕유마을.설악마을
2022-06-14 08:32:00,은하쌍용아파트
2022-06-14 08:35:00,역곡자치회관입구
2022-06-14 08:36:00,부천시청
2022-06-14 18:10:00,역곡역북부
2022-06-14 18:18:00,소명사거리
2022-06-14 19:16:00,부천시청
2022-06-14 19:25:00,부천시청
2022-06-14 19:29:00,상동
2022-06-14 19:54:00,상동역2번출구.홈플러스상동점
2022-06-14 19:54:00,부천시청
2022-06-14 20:00:00,라일락마을경남아파트
2022-06-14 21:47:00,중동
2022-06-14 22:11:00,중동
2022-06-14 22:40:00,소명사거리
2022-06-14 23:04:00,상우아파트.청소년문화의집
2022-06-15 07:20:00,중동
2022-06-15 07:55:00,라일락마을하이타운로즈빌
2022-06-15 08:03:00,중동
2022-06-15 08:03:00,상동역6번출구.세이브존
2022-06-15 08:05:00,상동
2022-06-15 08:10:00,상우아파트.청소년문화의집
2022-06-15 08:37:00,역곡자치회관입구
2022-06-15 08:40:00,부천시청
2022-06-15 18:56:00,중동
2022-06-15 19:22:00,중동
2022-06-15 19:30:00,상동
2022-06-15 19:39:00,상동역2번출구.홈플러스상동점
2022-06-15 19:42:00,라일락마을경남아파트
2022-06-15 21:08:00,가톨릭대학교입구.보람쉬움아파트
2022-06-15 21:33:00,상우아파트.청소년문화의집
2022-06-15 21:49:00,중동
2022-06-15 21:59:00,부천시청
2022-06-16 06:08:00,그린타운상가.무지개마을
2022-06-16 06:16:00,부천역북부
2022-06-16 06:20:00,부천
2022-06-16 07:22:00,중동
2022-06-16 07:44:00,상우아파트.청소년문화의집
2022-06-16 07:50:00,중동
2022-06-16 08:12:00,역곡자치회관입구
2022-06-16 08:33:00,덕유마을.설악마을
2022-06-16 08:35:00,은하쌍용아파트
2022-06-16 08:39:00,부천시청
2022-06-16 08:52:00,진달래마을써미트빌
2022-06-16 08:56:00,상동
2022-06-16 17:38:00,역곡자치회관입구
2022-06-16 17:56:00,부천보건소.건영아파트
2022-06-16 20:40:00,부천시청
2022-06-16 20:41:00,부천북초등학교.원미동우체국
2022-06-16 20:45:00,부천역북부
2022-06-16 21:04:00,상동
2022-06-16 21:46:00,상동역7번출구.세이브존
2022-06-16 21:48:00,중동
2022-06-16 21:50:00,라일락마을경남아파트
2022-06-16 22:12:00,부천역북부
2022-06-16 22:42:00,상우아파트.청소년문화의집
2022-06-16 22:44:00,부천
2022-06-16 22:48:00,부천자유시장.대산동행정복지센터
2022-06-16 22:49:00,부천자유시장.대산동행정복지센터
2022-06-17 00:31:00,신중동
2022-06-17 06:08:00,그린타운상가.무지개마을
2022-06-17 06:16:00,부천역북부
2022-06-17 06:19:00,부천
2022-06-17 07:22:00,중동
2022-06-17 07:44:00,중동
2022-06-17 08:01:00,라일락마을경남아파트
2022-06-17 08:06:00,상동역6번출구.세이브존
2022-06-17 08:08:00,상동
2022-06-17 08:10:00,남정빌라
2022-06-17 08:33:00,역곡역북부
2022-06-17 08:33:00,덕유마을.설악마을
2022-06-17 08:36:00,은하쌍용아파트
2022-06-17 08:40:00,부천시청
2022-06-17 09:15:00,심곡동양파라곤
2022-06-17 09:17:00,부천역남부광장
2022-06-17 09:21:00,부천
2022-06-17 12:19:00,부천시청역1번출구
2022-06-17 12:30:00,역곡역.역곡남부시장
2022-06-17 12:37:00,부천역전우체국
2022-06-17 12:47:00,전진아파트
2022-06-17 14:06:00,춘의역6번출구
2022-06-17 14:40:00,소명사거리
2022-06-17 14:59:00,중앙그린빌아파트
2022-06-17 15:55:00,부천역남부광장
2022-06-17 16:27:00,은하마을.덕유마을
2022-06-17 17:00:00,중동
2022-06-17 18:23:00,상동
2022-06-17 18:47:00,상동역7번출구.세이브존
2022-06-17 18:52:00,라일락마을하이타운로즈빌
2022-06-17 21:56:00,중동
2022-06-17 22:49:00,소명사거리
2022-06-17 22:57:00,중동
2022-06-17 23:20:00,상우아파트.청소년문화의집
2022-06-18 00:15:00,부천시청
2022-06-18 07:25:00,중동
2022-06-18 14:41:00,고강사거리
2022-06-18 16:07:00,중동
2022-06-18 21:55:00,중동
2022-06-18 22:13:00,역곡
2022-06-18 23:05:00,역곡역북부
2022-06-18 23:15:00,중동
2022-06-18 23:27:00,상우아파트.청소년문화의집
2022-06-19 10:36:00,신중동역4번출구.롯데백화점
2022-06-19 14:44:00,신중동역3번출구.롯데백화점
2022-06-19 14:54:00,부천역남부광장
2022-06-19 22:29:00,소명사거리
2022-06-19 22:57:00,상우아파트.청소년문화의집
2022-06-20 06:07:00,중동
2022-06-20 07:19:00,중동
2022-06-20 07:42:00,중동
2022-06-20 08:15:00,부천시청
2022-06-20 09:05:00,상동
2022-06-20 19:45:00,중동
2022-06-20 21:16:00,상동
2022-06-20 21:56:00,중동
2022-06-21 06:07:00,중동시장앞.넘말
2022-06-21 06:16:00,부천역북부
2022-06-21 06:20:00,부천
2022-06-21 07:22:00,중동
2022-06-21 07:43:00,중동
2022-06-21 08:03:00,진달래대우.라일락신성아파트
2022-06-21 08:07:00,상동
2022-06-21 16:16:00,중동
2022-06-21 16:25:00,팰리스카운티.부천중학교
2022-06-21 19:22:00,중동
2022-06-21 20:18:00,심곡고가사거리
2022-06-21 21:39:00,상동
2022-06-21 21:46:00,상동역7번출구.세이브존
2022-06-21 21:53:00,라일락마을하이타운로즈빌
2022-06-21 21:55:00,중동
2022-06-22 06:18:00,중동
2022-06-22 07:22:00,중동
2022-06-22 07:49:00,소사경찰서
2022-06-22 07:52:00,중동
2022-06-22 08:04:00,진달래마을써미트빌
2022-06-22 08:07:00,상동
2022-06-22 17:04:00,은하마을.덕유마을
2022-06-22 17:22:00,송내역C
2022-06-22 17:59:00,송내역C
2022-06-22 19:19:00,중동
2022-06-22 19:45:00,상동
2022-06-22 19:56:00,상동역2번출구.홈플러스상동점
2022-06-22 20:00:00,라일락마을하이타운로즈빌
2022-06-22 21:49:00,부천시청
2022-06-22 21:53:00,중동
2022-06-22 21:54:00,부천시청역2번출구.현대백화점.이마트
2022-06-22 22:00:00,트레지움1단지.다니엘병원
2022-06-22 22:44:00,중동
2022-06-23 06:20:00,중동시장앞.넘말
2022-06-23 06:29:00,부천역북부
2022-06-23 06:33:00,부천
2022-06-23 07:21:00,중동
2022-06-23 07:25:00,소사경찰서
2022-06-23 07:52:00,중동
2022-06-23 08:08:00,진달래마을써미트빌
2022-06-23 08:10:00,상동
2022-06-23 10:13:00,트레지움1단지.다니엘병원
2022-06-23 10:17:00,신중동행정복지센터.고용노동지청
2022-06-23 10:21:00,부천시청
2022-06-23 19:21:00,상동
2022-06-23 19:33:00,상동역2번출구.홈플러스상동점
2022-06-23 19:34:00,은하마을.덕유마을
2022-06-23 19:41:00,라일락마을경남아파트
2022-06-23 19:43:00,진달래마을써미트빌
2022-06-23 22:00:00,중동
2022-06-23 22:01:00,중동
2022-06-23 23:06:00,송내
2022-06-24 00:25:00,영스포렉스
2022-06-24 06:13:00,중동시장앞.넘말
2022-06-24 06:24:00,부천역북부
2022-06-24 06:28:00,부천
2022-06-24 07:21:00,중동
2022-06-24 08:04:00,중동
2022-06-24 08:07:00,진달래마을써미트빌
2022-06-24 08:10:00,상동
2022-06-24 08:51:00,트레지움1단지.다니엘병원
2022-06-24 08:57:00,신중동행정복지센터.고용노동지청
2022-06-24 09:01:00,부천시청
2022-06-24 16:37:00,부천시청
2022-06-24 18:40:00,상동
2022-06-24 19:29:00,중동
2022-06-24 21:59:00,중동
2022-06-25 07:27:00,중동
2022-06-25 08:55:00,그린타운상가.무지개마을
2022-06-25 09:04:00,부천역북부
2022-06-25 09:07:00,부천
2022-06-25 12:23:00,라일락마을경남아파트
2022-06-25 12:29:00,상동역3번출구.홈플러스상동점
2022-06-25 13:23:00,춘의
2022-06-25 13:25:00,신중동역3번출구.원미경찰서.롯데백화점
2022-06-25 15:49:00,부천시청
2022-06-25 20:03:00,상동역7번출구.세이브존
2022-06-25 20:08:00,라일락마을경남아파트
2022-06-25 21:47:00,중동
2022-06-25 22:36:00,송내
2022-06-26 11:55:00,중동
2022-06-26 15:35:00,부천시청
2022-06-26 16:44:00,부천시청
2022-06-26 16:54:00,상동
2022-06-26 16:56:00,중동
2022-06-26 20:05:00,부천시청
2022-06-27 07:21:00,중동
2022-06-27 07:33:00,도당중학교
2022-06-27 07:37:00,춘의역6번출구
2022-06-27 07:45:00,중동
2022-06-27 08:02:00,상동역2번출구.홈플러스상동점
2022-06-27 08:15:00,손가면옥
2022-06-27 08:59:00,진달래마을써미트빌
2022-06-27 09:01:00,상동
2022-06-27 16:58:00,중동
2022-06-27 19:29:00,상동
2022-06-27 20:01:00,상동역2번출구.홈플러스상동점
2022-06-27 20:09:00,라일락마을경남아파트
2022-06-27 21:11:00,신중동
2022-06-27 23:34:00,중동
2022-06-28 06:25:00,중동시장앞.넘말
2022-06-28 06:37:00,부천역북부
2022-06-28 06:40:00,부천
2022-06-28 07:21:00,중동
2022-06-28 07:50:00,중동
2022-06-28 08:04:00,라일락마을경남아파트
2022-06-28 08:09:00,진달래마을써미트빌
2022-06-28 08:13:00,상동
2022-06-28 08:58:00,신중동
2022-06-28 18:26:00,중동
2022-06-28 18:51:00,신중동
2022-06-28 19:16:00,중동
2022-06-28 20:22:00,부천시청
2022-06-28 20:45:00,부천시청
2022-06-28 20:53:00,상동
2022-06-28 21:02:00,신중동
2022-06-28 21:18:00,춘의역7번출구
2022-06-28 21:27:00,상동역2번출구.홈플러스상동점
2022-06-28 21:27:00,여월중
2022-06-28 21:31:00,진달래대우.라일락신성아파트
2022-06-28 21:49:00,중동
2022-06-29 06:10:00,그린타운상가.무지개마을
2022-06-29 06:16:00,중동역
2022-06-29 06:20:00,중동
2022-06-29 06:48:00,심곡천종점.부천보건소
2022-06-29 07:04:00,역곡역북부
2022-06-29 07:06:00,역곡
2022-06-29 08:08:00,중동
2022-06-29 08:45:00,라일락마을경남아파트
2022-06-29 08:48:00,진달래마을써미트빌
2022-06-29 08:50:00,상동
2022-06-29 09:00:00,상동시장.중동역.부천여고
2022-06-29 14:42:00,중동시장앞.넘말
2022-06-29 15:44:00,팰리스카운티정문
2022-06-29 15:54:00,부천시청역2번출구.현대백화점.이마트
2022-06-29 17:56:00,그린타운상가.무지개마을
2022-06-29 18:05:00,부천시청역4번출구.현대백화점.경기예고
2022-06-29 18:43:00,신중동
2022-06-29 19:00:00,신중동행정복지센터.고용노동지청
2022-06-29 19:02:00,트레지움1단지.다니엘병원
2022-06-29 19:02:00,중동
2022-06-29 19:40:00,포도마을사거리.현대백화점.이마트
2022-06-29 20:00:00,중동역.부천여고
2022-06-29 21:52:00,상동
2022-06-29 21:54:00,춘의역7번출구
2022-06-29 21:57:00,상동역2번출구.홈플러스상동점
2022-06-29 22:02:00,여월중
2022-06-29 22:05:00,라일락마을경남아파트
2022-06-29 22:58:00,중동
2022-06-30 00:55:00,약대주민지원센터.약대초등학교
2022-06-30 01:00:00,부천시청역5번출구
2022-06-30 06:50:00,중동시장앞.넘말
2022-06-30 07:00:00,부천역북부
2022-06-30 07:05:00,부천
2022-06-30 07:22:00,중동
2022-06-30 08:05:00,라일락마을하이타운로즈빌
2022-06-30 08:11:00,진달래마을써미트빌
2022-06-30 08:13:00,상동
2022-06-30 09:10:00,신중동
2022-06-30 10:29:00,신중동행정복지센터.고용노동지청
2022-06-30 10:35:00,약대주민지원센터.약대초등학교
2022-06-30 11:31:00,신흥시장
2022-06-30 11:36:00,한라마을.덕유마을
2022-06-30 19:40:00,상동
2022-06-30 19:49:00,상동역2번출구.홈플러스상동점
2022-06-30 19:54:00,라일락마을어린이공원
2022-06-30 21:25:00,중동
2022-06-30 21:53:00,중동
2022-06-30 22:54:00,신중동
2022-07-01 06:10:00,중동시장앞.넘말
2022-07-01 06:21:00,부천역북부
2022-07-01 06:25:00,부천
2022-07-01 06:47:00,부천보건소.건영아파트
2022-07-01 06:56:00,부천역북부
2022-07-01 06:59:00,부천
2022-07-01 07:21:00,중동
2022-07-01 08:01:00,라일락마을경남아파트
2022-07-01 08:04:00,진달래마을써미트빌
2022-07-01 08:08:00,상동
2022-07-01 08:53:00,부천시청
2022-07-01 09:30:00,신중동
2022-07-01 17:03:00,내동고개
2022-07-01 17:09:00,내촌사거리
2022-07-01 17:12:00,오정동경인OBS방송국
2022-07-01 17:50:00,상동
2022-07-01 18:06:00,상동역7번출구.세이브존
2022-07-01 18:10:00,라일락마을경남아파트
2022-07-01 18:38:00,오정동경인OBS방송국
2022-07-01 19:03:00,신중동행정복지센터.고용노동지청
2022-07-01 19:05:00,중동
2022-07-01 21:35:00,신중동
2022-07-01 21:52:00,중동
2022-07-01 23:53:00,신중동
2022-07-02 07:25:00,중동
2022-07-02 10:12:00,춘의
2022-07-02 13:36:00,춘의
2022-07-02 13:38:00,부천시청
2022-07-02 13:50:00,부천시청
2022-07-02 15:42:00,신중동
2022-07-02 15:50:00,상동
2022-07-02 20:33:00,신중동
2022-07-02 23:49:00,중동
2022-07-03 13:18:00,부천시청
2022-07-03 16:48:00,부천시청
2022-07-04 06:30:00,중동
2022-07-04 06:46:00,부천보건소.건영아파트
2022-07-04 07:05:00,역곡역북부
2022-07-04 07:07:00,역곡
2022-07-04 07:21:00,중동
2022-07-04 09:01:00,신중동
2022-07-04 10:06:00,순천향대학병원
2022-07-04 14:45:00,춘의
2022-07-04 19:13:00,중동
2022-07-04 21:10:00,신중동
2022-07-04 21:10:00,중동
2022-07-04 21:46:00,중동
2022-07-05 07:12:00,북중학교
2022-07-05 07:17:00,춘의역
2022-07-05 07:21:00,중동
2022-07-05 07:50:00,중동시장앞.넘말
2022-07-05 08:00:00,부천역북부
2022-07-05 08:05:00,부천
2022-07-05 19:28:00,중동
2022-07-05 21:55:00,중동
2022-07-06 05:54:00,중동
2022-07-06 07:20:00,중동
2022-07-06 07:58:00,신중동
2022-07-06 15:41:00,신중동
2022-07-06 17:09:00,춘의
2022-07-06 19:40:00,중동
2022-07-06 21:35:00,중동
2022-07-06 21:46:00,팰리스카운티.부천중학교
2022-07-06 21:58:00,중동
2022-07-07 06:16:00,중동
2022-07-07 07:20:00,부천시청
2022-07-07 07:21:00,중동
2022-07-07 08:57:00,신중동
2022-07-07 10:03:00,순천향대학병원
2022-07-07 16:31:00,부천시청
2022-07-07 17:07:00,소사
2022-07-07 19:39:00,부천시청
2022-07-07 21:10:00,신중동
2022-07-07 21:37:00,신중동
2022-07-07 22:02:00,중동
2022-07-08 07:21:00,중동
2022-07-08 09:43:00,신중동
2022-07-08 10:55:00,순천향대학병원
2022-07-08 15:10:00,서림아파트
2022-07-08 18:41:00,송내역.영화의거리
2022-07-08 18:54:00,부천시청역4번출구.현대백화점.경기예고
2022-07-08 20:55:00,진달래마을써미트빌
2022-07-08 21:03:00,상동
2022-07-08 21:07:00,부천시청
2022-07-08 21:49:00,중동
2022-07-08 21:55:00,부천종합운동장
2022-07-08 22:06:00,부천종합운동장역5번출구
2022-07-08 22:11:00,신중동
2022-07-08 22:13:00,원종사거리
2022-07-08 23:36:00,부천시청
2022-07-09 07:26:00,중동
2022-07-09 13:20:00,부천시청
2022-07-09 15:04:00,은하마을.덕유마을
2022-07-09 15:16:00,상동역6번출구.세이브존
2022-07-09 15:44:00,중동
2022-07-09 19:46:00,대장공영차고지
2022-07-09 21:57:00,중동
2022-07-09 22:58:00,신중동
2022-07-09 23:25:00,중동
2022-07-09 23:28:00,중동
2022-07-10 11:12:00,서림아파트
2022-07-10 11:38:00,포도마을사거리.현대백화점.이마트
2022-07-10 11:52:00,춘의
2022-07-10 12:02:00,중동
2022-07-10 13:27:00,은하쌍용아파트
2022-07-10 13:35:00,부천터미널소풍
2022-07-10 14:18:00,부천시청
2022-07-10 14:26:00,신중동
2022-07-10 16:34:00,상동
2022-07-10 16:49:00,신중동
2022-07-10 18:20:00,중동
2022-07-10 18:21:00,소사
2022-07-10 19:01:00,중동
2022-07-10 20:42:00,춘의
2022-07-10 20:52:00,부천종합운동장역5번출구
2022-07-10 20:59:00,원종사거리
2022-07-11 07:21:00,중동
2022-07-11 09:01:00,신중동
2022-07-11 10:20:00,순천향대학병원
2022-07-11 13:31:00,서림아파트
2022-07-11 21:02:00,부강아파트
2022-07-11 21:11:00,신중동
2022-07-11 21:49:00,중동
2022-07-12 07:20:00,중동
2022-07-12 09:09:00,신중동
2022-07-12 10:23:00,순천향대학병원
2022-07-12 10:45:00,한라마을.덕유마을
2022-07-12 10:48:00,신흥시장
2022-07-12 11:19:00,신흥시장
2022-07-12 11:25:00,신중동행정복지센터.고용노동지청
2022-07-12 16:36:00,팰리스카운티.부천서초교입구
2022-07-12 16:52:00,축협원미지점
2022-07-12 21:07:00,대성병원
2022-07-12 21:10:00,신중동
2022-07-12 21:15:00,시민운동장.시민회관
2022-07-12 21:53:00,중동
2022-07-13 07:22:00,중동
2022-07-13 16:41:00,시민운동장
2022-07-13 16:43:00,KT부천지사
2022-07-13 17:12:00,부천대입구
2022-07-13 17:23:00,축협원미지점
2022-07-13 21:21:00,대성병원
2022-07-13 21:29:00,부천전화국
2022-07-13 21:59:00,중동
2022-07-14 07:22:00,중동
2022-07-14 08:58:00,신중동
2022-07-14 10:06:00,순천향대학병원
2022-07-14 12:00:00,은하마을.덕유마을
2022-07-14 12:18:00,송내역C
2022-07-14 16:03:00,중동행정복지센터.시민회관
2022-07-14 16:16:00,축협원미지점
2022-07-14 21:13:00,신중동
2022-07-14 21:26:00,대성병원
2022-07-14 21:32:00,KT부천지사
2022-07-14 21:47:00,중동
2022-07-15 06:53:00,한국아파트
2022-07-15 07:01:00,송내역B
2022-07-15 07:02:00,송내
2022-07-15 07:20:00,중동
2022-07-15 09:38:00,신중동
2022-07-15 10:42:00,순천향대학병원
2022-07-15 18:39:00,부천
2022-07-15 18:47:00,부천역북부(기점)
2022-07-15 18:56:00,축협원미지점
2022-07-15 21:35:00,신중동
2022-07-15 21:51:00,중동
2022-07-16 07:25:00,중동
2022-07-16 10:20:00,그린타운상가.무지개마을
2022-07-16 10:26:00,중동역
2022-07-16 10:32:00,중동역
2022-07-16 10:41:00,부천시청
2022-07-16 10:46:00,계룡리슈빌
2022-07-16 10:47:00,신중동역3번출구.롯데백화점
2022-07-16 10:54:00,신중동역3번출구.롯데백화점.홈플러스중동
2022-07-16 11:09:00,부천우편집중국.부천실업고
2022-07-16 12:14:00,오정동경인OBS방송국
2022-07-16 12:36:00,부천세무서
2022-07-16 12:41:00,은하쌍용아파트
2022-07-16 12:49:00,부천대입구
2022-07-16 12:51:00,시민운동장.시민회관
2022-07-16 14:02:00,금강마을
2022-07-16 14:39:00,송내
2022-07-16 17:09:00,금강마을
2022-07-16 21:54:00,중동
2022-07-16 23:05:00,중동
2022-07-17 10:14:00,중동
2022-07-17 10:27:00,부천
2022-07-17 11:22:00,부천
2022-07-17 11:27:00,송내
2022-07-17 12:01:00,중동
2022-07-17 13:23:00,부천시청
2022-07-17 16:34:00,중동
2022-07-18 07:21:00,중동
2022-07-18 10:01:00,신중동
2022-07-18 11:19:00,순천향대학병원
2022-07-18 13:06:00,소사
2022-07-18 16:39:00,중동행정복지센터.시민회관
2022-07-18 16:52:00,풍림아파트.부천다문화지원센터
2022-07-18 18:27:00,역곡
2022-07-18 21:49:00,중동
2022-07-18 22:12:00,신중동
2022-07-18 22:45:00,축협원미지점
2022-07-18 22:54:00,KT부천지사
2022-07-18 23:06:00,송내
2022-07-19 07:22:00,중동
2022-07-19 08:29:00,부개6단지후문.웅진플레이
2022-07-19 08:56:00,신중동
2022-07-19 09:15:00,금강맨션
2022-07-19 10:06:00,순천향대학병원
2022-07-19 12:28:00,시민운동장
2022-07-19 12:30:00,부천상상거리
2022-07-19 20:10:00,금강맨션
2022-07-19 20:48:00,상동중학교
2022-07-19 21:13:00,신중동
2022-07-19 21:18:00,대성병원
2022-07-19 21:26:00,시민운동장.시민회관
2022-07-19 21:53:00,중동
2022-07-20 07:00:00,한국아파트
2022-07-20 07:06:00,송내역.로데오거리
2022-07-20 07:09:00,송내
2022-07-20 07:21:00,중동
2022-07-20 08:06:00,신중동
2022-07-20 09:27:00,순천향대학병원
2022-07-20 09:40:00,부평동중
2022-07-20 12:52:00,역곡
2022-07-20 12:56:00,역곡역북부
2022-07-20 12:59:00,금강맨션
2022-07-20 14:21:00,중동행정복지센터.시민회관
2022-07-20 14:37:00,축협원미지점
2022-07-20 15:41:00,신중동
2022-07-20 18:19:00,부천
2022-07-20 19:06:00,부천시청
2022-07-20 21:08:00,축협원미지점
2022-07-20 21:17:00,부천대입구
2022-07-20 21:56:00,중동
2022-07-20 22:19:00,역곡역북부
2022-07-20 22:58:00,상동중학교
2022-07-21 07:22:00,중동
2022-07-21 08:40:00,부개6단지후문.웅진플레이
2022-07-21 09:24:00,금강맨션
2022-07-21 14:42:00,신중동
2022-07-21 21:47:00,중동
2022-07-21 22:12:00,신중동
2022-07-21 22:21:00,역곡역북부
2022-07-21 22:59:00,상동중학교
2022-07-22 07:21:00,중동
2022-07-22 09:54:00,부천시청
2022-07-22 14:54:00,부천대입구
2022-07-22 15:06:00,축협원미지점
2022-07-22 18:59:00,부천시청
2022-07-22 19:01:00,축협원미지점
2022-07-22 19:22:00,중동역
2022-07-22 21:50:00,중동
2022-07-23 05:20:00,중동행정복지센터.시민회관
2022-07-23 05:30:00,축협원미지점
2022-07-23 07:25:00,중동
2022-07-23 13:47:00,부천시청
2022-07-23 21:58:00,중동
2022-07-23 22:59:00,부천시청
2022-07-24 12:04:00,부천시청
2022-07-24 12:12:00,덕유마을.설악마을
2022-07-24 12:15:00,부천시청역5번출구
2022-07-24 12:18:00,부천시청
2022-07-24 14:15:00,부천시청
2022-07-24 16:10:00,신중동
2022-07-25 07:03:00,송내
2022-07-25 07:21:00,중동
2022-07-25 08:35:00,중동
2022-07-25 09:02:00,신중동
2022-07-25 15:50:00,중동행정복지센터.시민회관
2022-07-25 16:05:00,축협원미지점
2022-07-25 20:27:00,축협원미지점
2022-07-25 20:38:00,시민운동장.시민회관
2022-07-25 21:11:00,신중동
2022-07-25 21:50:00,중동
2022-07-25 22:31:00,송내
2022-07-25 22:32:00,송내역B
2022-07-25 22:37:00,복사골문화센터
2022-07-26 07:21:00,중동
2022-07-26 09:00:00,신중동
2022-07-26 10:06:00,순천향대학병원
2022-07-26 12:44:00,춘의
2022-07-26 14:03:00,시민운동장
2022-07-26 14:09:00,부천북부역농협
2022-07-26 16:31:00,부천역북부(기점)
2022-07-26 16:43:00,축협원미지점
2022-07-26 16:52:00,춘의
2022-07-26 19:29:00,축협원미지점
2022-07-26 19:42:00,시민운동장.시민회관
2022-07-26 21:10:00,신중동
2022-07-26 21:47:00,중동
2022-07-26 21:59:00,여우고개
2022-07-26 22:11:00,부천소방서.부천대학사거리
2022-07-27 06:55:00,한국아파트
2022-07-27 07:01:00,송내역B
2022-07-27 07:02:00,송내
2022-07-27 07:21:00,중동
2022-07-27 18:28:00,노마즈하우스.우리은행
2022-07-27 18:32:00,부천역북부
2022-07-27 20:31:00,부천
2022-07-27 21:06:00,송내
2022-07-27 21:47:00,중동
2022-07-28 06:55:00,한국아파트
2022-07-28 07:01:00,송내역B
2022-07-28 07:02:00,송내
2022-07-28 07:20:00,중동
2022-07-28 08:56:00,신중동
2022-07-28 09:37:00,대성병원
2022-07-28 09:41:00,부천역.국민은행
2022-07-28 09:44:00,은하쌍용아파트
2022-07-28 09:45:00,부천
2022-07-28 09:54:00,상주민지원센터.삼광교회
2022-07-28 10:06:00,순천향대학병원
2022-07-28 13:51:00,오정동경인OBS방송국
2022-07-28 14:54:00,중동행정복지센터.시민회관
2022-07-28 15:08:00,축협원미지점
2022-07-28 15:40:00,은하쌍용아파트
2022-07-28 15:43:00,부천시청역4번출구.현대백화점.경기예고
2022-07-28 16:04:00,송내역B
2022-07-28 16:26:00,삼익세라믹아파트.SKVIEW아파트
2022-07-28 20:03:00,삼익세라믹아파트.SKVIEW아파트
2022-07-28 20:29:00,신중동역4번출구.롯데백화점
2022-07-28 20:57:00,송내
2022-07-28 21:11:00,신중동
2022-07-28 21:48:00,중동
2022-07-29 07:00:00,한국아파트
2022-07-29 07:08:00,송내역B
2022-07-29 07:09:00,송내
2022-07-29 07:20:00,중동
2022-07-29 08:33:00,신중동
2022-07-29 09:42:00,순천향대학병원
2022-07-29 10:44:00,신중동
2022-07-29 15:44:00,부천
2022-07-29 17:26:00,부천
2022-07-29 19:19:00,부천
2022-07-29 21:53:00,중동
2022-07-30 00:31:00,신중동
2022-07-30 00:56:00,심곡고가사거리
2022-07-30 12:26:00,상주민지원센터.삼광교회
2022-07-30 13:05:00,부천
2022-07-30 21:08:00,부천
2022-07-30 21:55:00,중동
2022-07-31 16:59:00,부천시청
2022-07-31 21:03:00,송내역A
2022-07-31 21:18:00,금강마을
2022-07-31 23:41:00,부천시청
2022-08-01 07:21:00,중동
2022-08-01 07:49:00,신중동
2022-08-01 09:05:00,신중동
2022-08-01 10:16:00,순천향대학병원
2022-08-01 13:11:00,신중동역6번출구.중흥중학교
2022-08-01 16:29:00,신중동역4번출구.롯데백화점
2022-08-01 18:48:00,까치울
2022-08-01 18:59:00,까치울역5번출구.까치울전원마을3.4단지
2022-08-01 19:21:00,신중동
2022-08-01 19:22:00,춘의아파트
2022-08-01 21:11:00,신중동
2022-08-01 21:54:00,중동
2022-08-02 07:20:00,중동
2022-08-02 07:38:00,신중동
2022-08-02 07:43:00,청실빌라
2022-08-02 07:52:00,까치울역4번출구.까치울전원마을3.4단지
2022-08-02 07:55:00,까치울
2022-08-02 08:57:00,부천시청
2022-08-02 09:05:00,신중동
2022-08-02 10:34:00,루미아트
2022-08-02 10:49:00,소사어울마당삼거리
2022-08-02 12:25:00,은하마을.덕유마을
2022-08-02 12:29:00,포도마을사거리.현대백화점.이마트
2022-08-02 12:39:00,소사어울마당삼거리
2022-08-02 12:58:00,위브더스테이트5단지
2022-08-02 14:41:00,시민운동장
2022-08-02 14:57:00,축협원미지점
2022-08-02 18:50:00,까치울
2022-08-02 18:54:00,까치울역5번출구.까치울전원마을3.4단지
2022-08-02 19:03:00,고강동우체국
2022-08-02 19:24:00,신중동
2022-08-02 21:11:00,신중동
2022-08-02 21:54:00,중동
2022-08-03 07:22:00,중동
2022-08-03 07:43:00,청실빌라
2022-08-03 07:49:00,신중동
2022-08-03 07:52:00,까치울역4번출구.까치울전원마을3.4단지
2022-08-03 07:54:00,까치울
2022-08-03 08:06:00,역곡역.역곡남부시장
2022-08-03 08:07:00,신중동
2022-08-03 08:15:00,부천역남부광장
2022-08-03 08:17:00,부천역남부광장
2022-08-03 08:21:00,부천대학교
2022-08-03 08:24:00,부천대학교
2022-08-03 08:29:00,신중동역4번출구.롯데백화점
2022-08-03 12:26:00,신중동행정복지센터.고용노동지청
2022-08-03 12:41:00,부천우편집중국.부천실업고
2022-08-03 12:50:00,부천우편집중국.부천실업고
2022-08-03 14:53:00,신중동
2022-08-03 15:42:00,신중동
2022-08-03 17:10:00,오정휴먼시아3단지
2022-08-03 17:11:00,오정휴먼시아3단지
2022-08-03 17:32:00,은하마을.덕유마을
2022-08-03 18:40:00,까치울
2022-08-03 18:49:00,까치울역5번출구.까치울전원마을3.4단지
2022-08-03 19:01:00,청실빌라
2022-08-03 21:55:00,중동
2022-08-04 07:20:00,중동
2022-08-04 07:42:00,청실빌라
2022-08-04 07:53:00,까치울역4번출구.까치울전원마을3.4단지
2022-08-04 07:56:00,까치울
2022-08-04 08:15:00,양지초교.부안초교
2022-08-04 08:24:00,소명지하차도입구
2022-08-04 08:27:00,소명지하차도입구
2022-08-04 08:30:00,부천역남부광장
2022-08-04 08:39:00,부천역남부광장
2022-08-04 08:53:00,신중동역4번출구.롯데백화점
2022-08-04 09:47:00,신중동
2022-08-04 10:30:00,루미아트
2022-08-04 10:44:00,소사어울마당삼거리
2022-08-04 12:39:00,소사어울마당삼거리.MJ컨벤션
2022-08-04 18:28:00,까치울
2022-08-04 18:29:00,까치울역5번출구.까치울전원마을3.4단지
2022-08-04 18:34:00,계룡리슈빌
2022-08-04 18:42:00,청실빌라
2022-08-04 19:07:00,주공2.뜨란채4단지.소안초등학교
2022-08-04 19:08:00,주공2.뜨란채4단지.소안초등학교
2022-08-04 19:17:00,양지초교.부안초교
2022-08-04 21:46:00,중동
2022-08-05 07:18:00,신중동
2022-08-05 07:21:00,중동
2022-08-05 07:38:00,청실빌라
2022-08-05 07:47:00,까치울전원마을1.2단지
2022-08-05 07:50:00,까치울
2022-08-05 08:03:00,역곡역.역곡남부시장
2022-08-05 08:13:00,부천자유시장.대산동행정복지센터
2022-08-05 08:17:00,부천자유시장.대산동행정복지센터
2022-08-05 08:31:00,은하쌍용아파트
2022-08-05 08:38:00,신중동
2022-08-05 08:41:00,신중동역3번출구.원미경찰서.롯데백화점
2022-08-05 08:43:00,루미아트
2022-08-05 09:32:00,신중동
2022-08-05 10:42:00,순천향대학병원
2022-08-05 15:10:00,중동행정복지센터.시민회관
2022-08-05 18:59:00,신중동
2022-08-05 20:49:00,상동역1번출구.부천터미널소풍.홈플러스
2022-08-05 21:36:00,신중동
2022-08-05 21:48:00,중동
2022-08-06 07:26:00,중동
2022-08-06 09:32:00,복사골문화센터.한아름마을
2022-08-06 09:34:00,양지초교.부안초교
2022-08-06 09:36:00,역곡역.역곡남부시장
2022-08-06 09:38:00,역곡역.역곡남부시장
2022-08-06 09:45:00,소명지하차도입구
2022-08-06 09:45:00,소명지하차도입구
2022-08-06 09:48:00,부천역남부광장
2022-08-06 09:49:00,부천역남부광장
2022-08-06 09:57:00,신중동역2번출구.원미경찰서.롯데백화점
2022-08-06 10:03:00,신중동역2번출구.원미경찰서.롯데백화점
2022-08-06 10:06:00,은하쌍용아파트
2022-08-06 13:00:00,부곡중학교
2022-08-06 13:08:00,중동역.신한은행(마을)
2022-08-06 13:10:00,중동
2022-08-06 14:46:00,시민운동장
2022-08-06 14:48:00,부천대학입구.KT부천지사
2022-08-06 16:47:00,신중동역5번출구.중흥중학교
2022-08-06 17:40:00,은하쌍용아파트
2022-08-06 18:16:00,역곡역.역곡남부시장
2022-08-06 21:46:00,중동
2022-08-07 08:23:00,중동
2022-08-07 11:59:00,상동역8번출구.세이브존
2022-08-07 13:43:00,신중동
2022-08-07 14:33:00,소사어울마당삼거리.MJ컨벤션
2022-08-07 16:09:00,부천시청
2022-08-07 16:49:00,중동
2022-08-07 20:52:00,상동역1번출구.부천터미널소풍.홈플러스
2022-08-07 23:43:00,부천시청역2번출구.현대백화점.이마트
2022-08-07 23:45:00,은하마을.덕유마을
2022-08-08 06:55:00,한국아파트
2022-08-08 07:01:00,송내역B
2022-08-08 07:02:00,송내
2022-08-08 07:20:00,중동
2022-08-08 07:48:00,신중동
2022-08-08 09:43:00,약대주민지원센터.약대초등학교
2022-08-08 10:07:00,동신아파트
2022-08-08 19:20:00,은하마을.덕유마을
2022-08-08 19:35:00,상동역6번출구.세이브존
2022-08-08 20:12:00,신중동
2022-08-08 20:13:00,성주초교.부천공고
2022-08-08 20:35:00,신흥시장
2022-08-08 20:47:00,송내
2022-08-08 20:52:00,송내역B
2022-08-08 20:55:00,법원.검찰청.복사골문화센터.반달마을
2022-08-08 22:15:00,상동
2022-08-08 22:17:00,상동역7번출구.세이브존
2022-08-08 22:19:00,상동역3번출구.홈플러스상동점
2022-08-08 22:27:00,은하마을.덕유마을
2022-08-08 22:35:00,중동역.부천여고
2022-08-09 06:48:00,한국아파트
2022-08-09 06:54:00,송내역B
2022-08-09 06:55:00,송내
2022-08-09 07:19:00,중동
2022-08-09 07:47:00,신중동
2022-08-09 07:57:00,약대주민지원센터.약대초등학교
2022-08-09 08:23:00,성주초교.부천공고
2022-08-09 15:21:00,시민운동장
2022-08-09 18:16:00,송내
2022-08-09 18:18:00,송내역B
2022-08-09 18:29:00,경남아파트
2022-08-09 19:01:00,은하마을.덕유마을
2022-08-09 19:06:00,부천세무서
2022-08-09 19:22:00,성주초교.부천공고
2022-08-09 19:45:00,신흥시장
2022-08-09 20:24:00,대성병원
2022-08-09 20:32:00,KT부천지사
2022-08-09 21:24:00,부천세무서
2022-08-09 21:28:00,은하마을.덕유마을
2022-08-09 21:49:00,중동
2022-08-09 22:40:00,신중동
2022-08-10 07:00:00,한국아파트
2022-08-10 07:05:00,송내역B
2022-08-10 07:06:00,송내
2022-08-10 07:21:00,중동
2022-08-10 07:23:00,약대주민지원센터.약대초등학교
2022-08-10 07:35:00,청실빌라
2022-08-10 07:44:00,성주초교.부천공고
2022-08-10 07:45:00,까치울역4번출구.까치울전원마을3.4단지
2022-08-10 07:48:00,까치울
2022-08-10 07:52:00,신중동
2022-08-10 08:38:00,송내e편한세상.부천고
2022-08-10 08:43:00,중동역
2022-08-10 08:45:00,중동
2022-08-10 09:59:00,까치울
2022-08-10 10:02:00,까치울역5번출구.까치울전원마을3.4단지
2022-08-10 10:12:00,진영아파트
2022-08-10 11:53:00,약대초등학교입구
2022-08-10 17:03:00,부천시청
2022-08-10 17:57:00,춘의
2022-08-10 18:04:00,부천시청
2022-08-10 18:24:00,부곡중학교
2022-08-10 18:34:00,부천시청역2번출구.현대백화점.이마트
2022-08-10 18:37:00,영스포렉스
2022-08-10 18:58:00,풍림아파트.부천다문화지원센터
2022-08-10 19:54:00,신중동
2022-08-10 21:39:00,부천시청역2번출구.현대백화점.이마트
2022-08-10 21:45:00,중동
2022-08-10 21:48:00,루미아트
2022-08-11 07:21:00,중동
2022-08-11 07:25:00,신중동
2022-08-11 11:00:00,포도마을
2022-08-11 11:59:00,내동중학교
2022-08-11 12:09:00,춘의역4번출구
2022-08-11 12:11:00,춘의
2022-08-11 16:15:00,춘의
2022-08-11 16:44:00,부천고용복지플러스센터
2022-08-11 16:52:00,약대오거리
2022-08-11 18:03:00,중동행정복지센터.시민회관
2022-08-11 20:30:00,신중동
2022-08-11 21:51:00,중동
2022-08-12 00:25:00,부천대입구
2022-08-12 06:55:00,한국아파트
2022-08-12 07:01:00,송내역B
2022-08-12 07:02:00,송내
2022-08-12 07:21:00,중동
2022-08-12 07:44:00,신중동
2022-08-12 14:34:00,부천보건소.건영아파트
2022-08-12 14:38:00,위브더스테이트5단지
2022-08-12 19:07:00,상동
2022-08-12 19:41:00,신중동
2022-08-12 21:50:00,중동
2022-08-13 07:24:00,중동
2022-08-13 10:59:00,성지아파트
2022-08-13 11:02:00,오정농협
2022-08-13 11:22:00,춘의가구거리
2022-08-13 12:06:00,춘의테크노파크단지앞
2022-08-13 12:10:00,대성병원
2022-08-13 12:30:00,대성병원
2022-08-13 12:38:00,시민운동장.시민회관
2022-08-13 12:42:00,상동
2022-08-13 15:17:00,송내
2022-08-13 15:20:00,중동역
2022-08-13 15:39:00,성곡동행정복지센터.홈플러스여월점
2022-08-13 15:46:00,원종동금호어울림
2022-08-13 16:52:00,신중동역5번출구.중흥중학교
2022-08-13 17:00:00,신중동역3번출구.원미경찰서.롯데백화점
2022-08-13 17:05:00,부곡중학교
2022-08-13 21:54:00,중동
2022-08-13 22:08:00,중동
2022-08-14 09:46:00,부천
2022-08-14 13:09:00,부천시청
2022-08-14 13:53:00,부천
2022-08-14 18:46:00,부천시청
2022-08-15 07:25:00,중동
2022-08-15 09:12:00,부천상상거리
2022-08-15 13:12:00,신중동역6번출구.중흥중학교
2022-08-15 16:25:00,신중동역5번출구.중흥중학교
2022-08-15 21:58:00,중동
2022-08-15 22:18:00,역곡역.역곡남부시장
2022-08-15 22:30:00,KT부천지사
2022-08-16 06:16:00,근화아파트
2022-08-16 07:00:00,한국아파트
2022-08-16 07:08:00,송내역B
2022-08-16 07:09:00,송내
2022-08-16 07:18:00,부천범박힐스테이트1.2단지
2022-08-16 07:19:00,중동
2022-08-16 07:24:00,역곡역.역곡남부시장
2022-08-16 07:26:00,동산빌리지.대한노인회
2022-08-16 07:27:00,역곡
2022-08-16 07:30:00,도당사거리.도당중학교
2022-08-16 07:34:00,도당사거리.도당중학교
2022-08-16 07:35:00,신중동
2022-08-16 07:39:00,춘의역6번출구
2022-08-16 07:52:00,신중동
2022-08-16 07:56:00,부천시청
2022-08-16 08:02:00,춘의
2022-08-16 08:38:00,신흥시장입구
2022-08-16 11:07:00,은하마을.덕유마을
2022-08-16 11:22:00,송내역.로데오거리
2022-08-16 14:52:00,신중동
2022-08-16 16:51:00,중동행정복지센터.시민회관
2022-08-16 19:35:00,춘의역7번출구
2022-08-16 19:37:00,춘의
2022-08-16 19:42:00,부천시청
2022-08-16 19:46:00,근화아파트
2022-08-16 19:55:00,송내
2022-08-16 19:56:00,송내역B
2022-08-16 20:03:00,송내역.영화의거리
2022-08-16 20:08:00,신중동
2022-08-16 20:12:00,신중동역3번출구.원미경찰서.롯데백화점
2022-08-16 20:17:00,부곡중학교
2022-08-16 20:22:00,대성병원
2022-08-16 20:30:00,시민운동장.시민회관
2022-08-16 21:00:00,역곡
2022-08-16 21:09:00,역곡역.역곡남부시장
2022-08-16 21:50:00,중동
2022-08-16 23:13:00,신중동
2022-08-17 07:19:00,중동
2022-08-17 07:26:00,부천범박힐스테이트1.2단지
2022-08-17 07:26:00,화정빌라.대한노인회
2022-08-17 07:32:00,역곡역.역곡남부시장
2022-08-17 07:36:00,역곡
2022-08-17 07:43:00,신중동
2022-08-17 07:57:00,춘의역6번출구
2022-08-17 08:09:00,신중동
2022-08-17 08:57:00,부천
2022-08-17 08:59:00,부천시청
2022-08-17 11:01:00,부천
2022-08-17 15:20:00,시민운동장
2022-08-17 19:58:00,역곡
2022-08-17 20:01:00,역곡역.역곡남부시장
2022-08-17 20:11:00,부천범박힐스테이트3.4단지
2022-08-17 20:58:00,풍림아파트.부천다문화지원센터
2022-08-17 21:08:00,KT부천지사
2022-08-17 21:46:00,신중동
2022-08-17 21:48:00,중동
2022-08-18 06:55:00,한국아파트
2022-08-18 07:01:00,송내역B
2022-08-18 07:02:00,송내
2022-08-18 07:19:00,중동
2022-08-18 07:46:00,중동
2022-08-18 07:50:00,부천시청
2022-08-18 07:58:00,춘의
2022-08-18 10:12:00,부곡중학교
2022-08-18 10:22:00,중동역.신한은행(마을)
2022-08-18 10:24:00,중동
2022-08-18 13:16:00,부천
2022-08-18 17:24:00,소사
2022-08-18 18:38:00,부천
2022-08-18 18:56:00,송내
2022-08-18 19:36:00,춘의
2022-08-18 19:41:00,부천시청
2022-08-18 19:47:00,소사어울마당삼거리
2022-08-18 19:58:00,부천역남부광장
2022-08-18 19:59:00,부천역남부광장
2022-08-18 20:08:00,부곡중학교
2022-08-18 21:58:00,중동
2022-08-19 07:02:00,한국아파트
2022-08-19 07:03:00,화정빌라.대한노인회
2022-08-19 07:07:00,송내역B
2022-08-19 07:09:00,송내
2022-08-19 07:15:00,성곡파출소
2022-08-19 07:21:00,중동
2022-08-19 09:56:00,부곡중학교
2022-08-19 10:02:00,신중동역2번출구.원미경찰서.롯데백화점
2022-08-19 10:04:00,신중동
2022-08-19 14:33:00,부천시청
2022-08-19 14:55:00,중동행정복지센터.시민회관
2022-08-19 17:06:00,신중동
2022-08-19 17:12:00,농협중앙회
2022-08-19 17:18:00,부곡중학교
2022-08-19 18:11:00,부천시청
2022-08-19 19:45:00,춘의역7번출구
2022-08-19 19:46:00,공구상가.부천천문과학관
2022-08-19 21:47:00,중동
2022-08-20 07:16:00,화정빌라.대한노인회
2022-08-20 07:19:00,원종동금호어울림
2022-08-20 07:23:00,원종종합시장성곡사거리
2022-08-20 07:24:00,중동
2022-08-20 12:22:00,춘의역6번출구
2022-08-20 12:23:00,춘의역6번출구
2022-08-20 13:18:00,부천
2022-08-20 16:28:00,부천북부역농협
2022-08-20 16:48:00,원종종합시장성곡사거리
2022-08-20 16:50:00,오정농협
2022-08-20 16:52:00,신중동
2022-08-20 17:02:00,오정농협
2022-08-20 17:04:00,원종동금호어울림
2022-08-21 09:57:00,부천
2022-08-22 07:16:00,화정빌라.대한노인회
2022-08-22 07:20:00,중동
2022-08-22 07:28:00,원종종합시장.성곡사거리
2022-08-22 07:55:00,부천시청
2022-08-22 08:01:00,춘의
2022-08-22 09:25:00,부천시청
2022-08-22 11:07:00,춘의
2022-08-22 13:53:00,신중동
2022-08-22 16:25:00,시민운동장
2022-08-22 18:03:00,도당사거리.도당중학교
2022-08-22 18:06:00,도당사거리.도당중학교
2022-08-22 18:07:00,도당소공원
2022-08-22 19:35:00,춘의
2022-08-22 19:45:00,부천시청
2022-08-22 21:41:00,소사어울마당삼거리
2022-08-22 21:50:00,중동
2022-08-22 21:52:00,부천역남부광장
2022-08-22 21:59:00,부천역남부광장
2022-08-22 22:09:00,부곡중학교
2022-08-23 00:11:00,송내
2022-08-23 07:00:00,한국아파트
2022-08-23 07:07:00,송내역B
2022-08-23 07:08:00,송내
2022-08-23 07:20:00,중동
2022-08-23 07:26:00,도당사거리.도당중학교
2022-08-23 07:31:00,도당사거리.도당중학교
2022-08-23 07:34:00,도당주민지원센터
2022-08-23 07:57:00,신중동
2022-08-23 08:32:00,부천시청역2번출구.현대백화점.이마트
2022-08-23 08:57:00,삼정동중소기업협동화단지
2022-08-23 11:22:00,부곡중학교
2022-08-23 11:34:00,부천역북부
2022-08-23 11:37:00,부천
2022-08-23 12:20:00,시청
2022-08-23 17:13:00,중동행정복지센터.시민회관
2022-08-23 18:01:00,공구상가.부천천문과학관
2022-08-23 18:05:00,도당주민지원센터
2022-08-23 18:06:00,송내
2022-08-23 18:11:00,송내역B
2022-08-23 18:21:00,경남아파트
2022-08-23 20:14:00,KT부천지사
2022-08-23 20:28:00,부천
2022-08-23 20:29:00,부천역남부광장
2022-08-23 20:38:00,부곡중학교
2022-08-23 21:51:00,중동
2022-08-23 22:57:00,부천시청
2022-08-24 07:00:00,한국아파트
2022-08-24 07:09:00,송내역B
2022-08-24 07:10:00,송내
2022-08-24 07:17:00,화정빌라.대한노인회
2022-08-24 07:20:00,중동
2022-08-24 07:20:00,오정농협
2022-08-24 07:32:00,춘의가구거리
2022-08-24 07:50:00,부천시청
2022-08-24 07:58:00,춘의
2022-08-24 08:38:00,부천시청
2022-08-24 09:30:00,KT부천지사
2022-08-24 12:10:00,신중동
2022-08-24 17:43:00,부곡중학교
2022-08-24 17:44:00,부천시청
2022-08-24 17:57:00,부천역북부
2022-08-24 18:00:00,부천
2022-08-24 18:05:00,춘의
2022-08-24 18:17:00,부천시청
2022-08-24 19:09:00,신중동
2022-08-24 20:46:00,송내
2022-08-24 20:49:00,송내역B
2022-08-24 20:55:00,경남아파트
2022-08-24 21:44:00,중동
2022-08-24 22:06:00,부천
2022-08-24 22:59:00,부천시청
2022-08-25 00:34:00,부천시청
2022-08-25 06:53:00,한국아파트
2022-08-25 07:01:00,송내역B
2022-08-25 07:02:00,송내
2022-08-25 07:21:00,원종종합시장.성곡사거리
2022-08-25 07:39:00,소사역2번출구
2022-08-25 07:40:00,소사역.부천성모병원입구
2022-08-25 07:48:00,신중동
2022-08-25 11:42:00,그린타운앞.유베이스
2022-08-25 11:44:00,신중동역2번출구.원미경찰서.롯데백화점
2022-08-25 11:48:00,신중동
2022-08-25 14:52:00,신중동
2022-08-25 14:57:00,신중동역3번출구.원미경찰서.롯데백화점
2022-08-25 15:03:00,부곡중학교
2022-08-25 18:00:00,춘의역7번출구
2022-08-25 18:11:00,KT북부천지사.365안전교육장
2022-08-25 20:40:00,신중동
2022-08-25 20:44:00,송내
2022-08-25 20:51:00,송내역B
2022-08-25 20:59:00,경남아파트
2022-08-26 07:02:00,원종종합시장.성곡사거리
2022-08-26 07:25:00,소사역2번출구
2022-08-26 07:27:00,소사역.부천성모병원입구
2022-08-26 08:11:00,부천시청
2022-08-26 11:20:00,부천보건소.건영아파트
2022-08-26 11:29:00,부천시청역5번출구
2022-08-26 14:29:00,중동행정복지센터.시민회관
2022-08-26 17:40:00,대성병원
2022-08-26 17:49:00,시민운동장.시민회관
2022-08-26 19:06:00,부천시청
2022-08-27 05:17:00,부천대입구
2022-08-27 09:44:00,부곡중학교
2022-08-27 09:52:00,부천시청역2번출구.현대백화점.이마트
2022-08-27 09:58:00,부천시청
2022-08-27 18:09:00,신중동
2022-08-28 11:37:00,중동
2022-08-28 12:25:00,신중동
2022-08-28 13:36:00,부천시청
2022-08-28 17:08:00,중동
2022-08-28 21:12:00,부천
2022-08-28 21:17:00,부천역남부광장
2022-08-28 21:26:00,부곡중학교
2022-08-29 07:20:00,중동
2022-08-29 07:31:00,신중동
2022-08-29 08:25:00,덕유마을.설악마을
2022-08-29 08:27:00,은하쌍용아파트
2022-08-29 08:33:00,부천시청
2022-08-29 09:35:00,부천시청
2022-08-29 09:43:00,신중동
2022-08-29 09:59:00,신중동
2022-08-29 10:07:00,부천시청
2022-08-29 10:24:00,루미아트
2022-08-29 10:34:00,부천역남부광장
2022-08-29 11:40:00,부천시청
2022-08-29 13:08:00,부천역북부(기점)
2022-08-29 13:19:00,부천소방서
2022-08-29 14:21:00,중동행정복지센터.시민회관
2022-08-29 17:37:00,기업은행.위브더스테이트5단지
2022-08-29 17:59:00,소사역지하차도
2022-08-29 19:41:00,소사어울마당삼거리
2022-08-29 19:42:00,춘의역7번출구
2022-08-29 19:42:00,춘의역7번출구
2022-08-29 19:58:00,금호빌라
2022-08-29 19:58:00,삼하빌라
2022-08-29 20:00:00,위브더스테이트5단지
2022-08-29 20:30:00,부천시청
2022-08-29 21:51:00,중동
2022-08-30 07:19:00,중동
2022-08-30 07:56:00,신중동
2022-08-30 08:15:00,덕유마을.설악마을
2022-08-30 08:17:00,은하쌍용아파트
2022-08-30 08:20:00,부천시청
2022-08-30 09:44:00,부곡중학교
2022-08-30 09:51:00,부천시청역2번출구.현대백화점.이마트
2022-08-30 09:53:00,부천시청
2022-08-30 14:37:00,시민운동장
2022-08-30 19:25:00,신중동
2022-08-30 19:35:00,춘의역7번출구
2022-08-30 19:44:00,북부도서관
2022-08-30 19:55:00,부천시청
2022-08-30 21:49:00,중동
2022-08-30 22:11:00,부천
2022-08-30 22:14:00,부천역남부광장
2022-08-30 22:21:00,부곡중학교
2022-08-30 23:07:00,대성병원
2022-08-30 23:11:00,KT부천지사
2022-08-31 06:25:00,덕유마을.설악마을
2022-08-31 06:27:00,은하쌍용아파트
2022-08-31 06:31:00,부천시청
2022-08-31 06:55:00,한국아파트
2022-08-31 07:01:00,송내역B
2022-08-31 07:02:00,송내
2022-08-31 07:20:00,중동
2022-08-31 07:24:00,KT북부천지사.365안전교육장
2022-08-31 07:25:00,KT북부천지사.365안전교육장
2022-08-31 07:35:00,도당사거리.도당중학교
2022-08-31 07:47:00,신중동
2022-08-31 14:55:00,부곡중학교
2022-08-31 14:59:00,신중동역2번출구.원미경찰서.롯데백화점
2022-08-31 15:03:00,신중동
2022-08-31 15:08:00,신중동
2022-08-31 15:48:00,부천역북부(기점)
2022-08-31 15:52:00,도당사거리.도당중학교
2022-08-31 15:59:00,춘의역6번출구
2022-08-31 17:50:00,송내역B
2022-08-31 19:36:00,춘의역7번출구
2022-08-31 19:44:00,KT북부천지사.365안전교육장
2022-08-31 21:54:00,중동
2022-09-01 00:11:00,신중동
2022-09-01 07:19:00,중동
2022-09-01 15:20:00,춘의
2022-09-01 19:40:00,춘의역
2022-09-01 19:45:00,도당사거리.북중학교
2022-09-01 21:48:00,중동
2022-09-01 22:37:00,신중동역4번출구.롯데백화점
2022-09-01 22:51:00,행복한마을.푸른마을.상일중학교
2022-09-02 07:00:00,한국아파트
2022-09-02 07:08:00,송내역B
2022-09-02 07:09:00,송내
2022-09-02 07:20:00,중동
2022-09-02 07:55:00,신중동
2022-09-02 12:57:00,상동
2022-09-02 13:09:00,춘의
2022-09-02 13:51:00,KT부천지사사거리
2022-09-02 13:58:00,극동아파트
2022-09-02 15:33:00,중동행정복지센터.시민회관
2022-09-02 18:07:00,부천시청역1번출구
2022-09-02 18:07:00,부천보건소.건영아파트
2022-09-02 18:30:00,역곡자치회관입구
2022-09-02 18:58:00,부천대입구
2022-09-02 21:07:00,송내
2022-09-02 21:10:00,송내역B
2022-09-02 21:16:00,경남아파트
2022-09-02 21:51:00,중동
2022-09-02 21:59:00,신중동
2022-09-02 23:53:00,국민은행
2022-09-03 00:04:00,내촌사거리
2022-09-03 00:52:00,부천시청
2022-09-03 07:24:00,중동
2022-09-03 07:37:00,화정빌라.대한노인회
2022-09-03 07:44:00,오정농협
2022-09-03 07:55:00,춘의가구거리
2022-09-03 10:11:00,춘의
2022-09-03 12:19:00,춘의역6번출구
2022-09-03 12:35:00,중동역
2022-09-03 14:24:00,중동역
2022-09-03 14:40:00,소사종합시장
2022-09-03 15:46:00,춘의
2022-09-03 18:22:00,대성병원
2022-09-03 18:28:00,춘의역7번출구
2022-09-03 19:14:00,춘의
2022-09-03 21:55:00,중동
2022-09-04 13:35:00,부천시청
2022-09-05 07:00:00,한국아파트
2022-09-05 07:08:00,송내역B
2022-09-05 07:09:00,송내
2022-09-05 07:21:00,중동
2022-09-05 07:46:00,신중동
2022-09-05 08:27:00,덕유마을.설악마을
2022-09-05 08:29:00,은하쌍용아파트
2022-09-05 08:32:00,행복한마을.푸른마을
2022-09-05 08:33:00,부천시청
2022-09-05 08:39:00,상인초등학교.금강아파트
2022-09-05 08:54:00,춘의
2022-09-05 10:07:00,부천
2022-09-05 10:15:00,역곡
2022-09-05 11:09:00,역곡
2022-09-05 11:14:00,부천
2022-09-05 11:24:00,부천역남부광장
2022-09-05 11:27:00,극동아파트
2022-09-05 14:44:00,신중동행정복지센터.고용노동지청
2022-09-05 14:45:00,시민운동장
2022-09-05 14:48:00,약대주민지원센터.약대초등학교
2022-09-05 15:01:00,신흥시장
2022-09-05 15:08:00,한라마을.덕유마을
2022-09-05 16:48:00,상인초등학교.금강아파트
2022-09-05 16:53:00,춘의
2022-09-05 16:59:00,행복한마을.푸른마을.상일중학교
2022-09-05 17:55:00,송내
2022-09-05 17:57:00,송내역B
2022-09-05 18:07:00,경남아파트
2022-09-05 19:32:00,부천시청
2022-09-05 19:43:00,시청
2022-09-05 20:30:00,신중동
2022-09-05 21:55:00,중동
2022-09-06 06:53:00,도당중학교
2022-09-06 06:55:00,공구상가.부천천문과학관
2022-09-06 07:00:00,한국아파트
2022-09-06 07:08:00,송내역B
2022-09-06 07:09:00,송내
2022-09-06 07:20:00,중동
2022-09-06 07:50:00,신중동
2022-09-06 08:41:00,부천시청
2022-09-06 15:03:00,중동행정복지센터.시민회관
2022-09-06 16:37:00,오정동경인OBS방송국
2022-09-06 17:18:00,오정동경인OBS방송국
2022-09-06 17:39:00,부천세무서
2022-09-06 17:42:00,부천세무서
2022-09-06 17:50:00,미리내마을
2022-09-06 18:14:00,송내
2022-09-06 18:20:00,송내역B
2022-09-06 18:29:00,경남아파트
2022-09-06 19:06:00,부천시청
2022-09-06 20:58:00,신중동
2022-09-06 21:55:00,중동
2022-09-07 07:21:00,중동
2022-09-07 08:40:00,부천시청
2022-09-07 15:33:00,부천보건소.건영아파트
2022-09-07 15:35:00,위브더스테이트5단지
2022-09-07 19:54:00,부천시청
2022-09-07 21:57:00,중동
2022-09-08 07:21:00,중동
2022-09-08 08:28:00,부천시청
2022-09-08 13:12:00,진영아파트
2022-09-08 13:37:00,춘의역5번출구
2022-09-08 19:01:00,부천시청
2022-09-08 21:47:00,중동
2022-09-09 07:26:00,중동
2022-09-09 08:50:00,도당중학교
2022-09-09 08:53:00,춘의역6번출구
2022-09-09 09:36:00,춘의역6번출구
2022-09-09 09:41:00,대성병원
2022-09-09 13:00:00,춘의
2022-09-09 13:22:00,역곡
2022-09-09 23:20:00,도당사거리.도당중학교
2022-09-10 00:14:00,부천역남부광장
2022-09-10 00:37:00,상동역2번출구.홈플러스상동점
2022-09-10 09:49:00,부천시청역1번출구
2022-09-10 10:05:00,소사역7번출구.대화아파트
2022-09-10 10:16:00,소사
2022-09-10 10:30:00,역곡
2022-09-10 10:58:00,중동
2022-09-10 11:22:00,역곡
2022-09-10 11:37:00,역곡
2022-09-11 10:43:00,중동역
2022-09-11 11:04:00,순천향대학병원.부명고
2022-09-11 15:51:00,팰리스카운티정문
2022-09-11 16:01:00,부천시청역4번출구.현대백화점.경기예고
2022-09-11 19:14:00,포도마을사거리.현대백화점.이마트
2022-09-11 19:36:00,중동역.부천여고
2022-09-11 21:12:00,시민운동장
2022-09-11 21:15:00,부천상상거리
2022-09-12 19:18:00,신흥시장
2022-09-12 19:28:00,심원고등학교
2022-09-12 20:25:00,현대자동차학원
2022-09-12 20:31:00,내동중학교
2022-09-13 07:20:00,중동
2022-09-13 07:54:00,신중동
2022-09-13 09:11:00,부천시청
2022-09-13 17:49:00,상동
2022-09-13 17:56:00,부천시청
2022-09-13 18:32:00,부천시청
2022-09-13 18:40:00,상동
2022-09-13 20:49:00,신중동
2022-09-13 21:06:00,시민운동장.시민회관
2022-09-13 21:37:00,부천시청
2022-09-13 21:48:00,중동
2022-09-14 07:19:00,중동
2022-09-14 08:27:00,덕유마을.설악마을
2022-09-14 08:29:00,은하쌍용아파트
2022-09-14 15:17:00,중동행정복지센터.시민회관
2022-09-14 15:29:00,풍림아파트.부천다문화지원센터
2022-09-14 21:56:00,중동
2022-09-15 07:18:00,중동
2022-09-15 13:14:00,춘의역6번출구
2022-09-15 13:19:00,대성병원
2022-09-15 14:51:00,부천북초등학교
2022-09-15 14:54:00,춘의테크노파크단지앞
2022-09-15 19:17:00,부천
2022-09-15 21:54:00,중동
2022-09-16 07:00:00,한국아파트
2022-09-16 07:08:00,송내역B
2022-09-16 07:09:00,송내
2022-09-16 07:20:00,중동
2022-09-16 07:38:00,신중동
2022-09-16 07:40:00,중동
2022-09-16 09:30:00,부천
2022-09-16 12:36:00,부천
2022-09-16 12:49:00,부천시청
2022-09-16 15:22:00,중동행정복지센터.시민회관
2022-09-16 15:32:00,신중동
2022-09-16 19:54:00,상동
2022-09-16 20:10:00,신중동
2022-09-16 20:11:00,신중동
2022-09-16 21:51:00,부천역.국민은행
2022-09-16 21:53:00,중동
2022-09-16 21:55:00,시민운동장.시민회관
2022-09-17 12:00:00,계룡리슈빌
2022-09-17 12:03:00,부천고용복지플러스센터
2022-09-17 20:19:00,양문교회
2022-09-17 20:25:00,여월휴먼시아2.3단지
2022-09-17 20:30:00,시민운동장
2022-09-17 20:33:00,부천상상거리
2022-09-17 21:50:00,송내
2022-09-18 10:42:00,여월휴먼시아2.3단지
2022-09-18 10:50:00,오정농협
2022-09-18 12:55:00,신중동역4번출구.롯데백화점
2022-09-18 13:49:00,부천종합운동장
2022-09-18 14:01:00,은하마을.중흥마을
2022-09-18 14:02:00,신중동
2022-09-18 14:04:00,부천시청역4번출구.현대백화점.경기예고
2022-09-18 17:12:00,오정농협
2022-09-18 17:15:00,원종종합시장.성곡사거리
2022-09-18 17:26:00,원종종합시장.성곡사거리
2022-09-18 17:34:00,여월휴먼시아4.5단지
2022-09-18 17:40:00,부천시청
2022-09-19 05:58:00,중동
2022-09-19 07:00:00,한국아파트
2022-09-19 07:08:00,송내역B
2022-09-19 07:09:00,송내
2022-09-19 07:18:00,중동
2022-09-19 07:47:00,신중동
2022-09-19 16:23:00,시민운동장
2022-09-19 17:55:00,송내
2022-09-19 17:57:00,송내역B
2022-09-19 18:08:00,경남아파트
2022-09-19 19:10:00,신중동
2022-09-19 19:24:00,중동
2022-09-19 20:55:00,대성병원
2022-09-19 21:02:00,부천전화국
2022-09-19 21:49:00,중동
2022-09-19 22:11:00,신중동
2022-09-20 06:29:00,신중동
2022-09-20 07:19:00,중동
2022-09-20 07:27:00,신중동
2022-09-20 15:10:00,시민운동장
2022-09-20 21:12:00,신중동
2022-09-20 21:24:00,부천시청
2022-09-20 21:46:00,중동
2022-09-21 06:31:00,신중동
2022-09-21 07:19:00,중동
2022-09-21 07:59:00,신중동
2022-09-21 15:50:00,중동행정복지센터.시민회관
2022-09-21 20:03:00,신중동
2022-09-21 21:54:00,중동
2022-09-22 06:27:00,신중동
2022-09-22 07:19:00,중동
2022-09-22 07:49:00,중동
2022-09-22 07:57:00,신중동
2022-09-22 15:03:00,부천세무서
2022-09-22 15:13:00,부천시청역4번출구.현대백화점.경기예고
2022-09-22 15:33:00,중동행정복지센터.시민회관
2022-09-22 19:28:00,중동
2022-09-22 19:34:00,팰리스카운티.부천중학교
2022-09-22 20:21:00,부천시청
2022-09-22 21:05:00,상동
2022-09-22 21:24:00,신중동
2022-09-22 21:52:00,중동
2022-09-22 22:26:00,신중동
2022-09-23 06:37:00,신중동
2022-09-23 07:00:00,한국아파트
2022-09-23 07:08:00,송내역B
2022-09-23 07:09:00,송내
2022-09-23 07:20:00,중동
2022-09-23 07:42:00,그린타운상가.무지개마을
2022-09-23 07:47:00,중동역
2022-09-23 07:50:00,중동
2022-09-23 07:55:00,신중동
2022-09-23 15:15:00,중동행정복지센터.시민회관
2022-09-23 18:21:00,소사
2022-09-23 18:24:00,신중동
2022-09-23 18:52:00,소사
2022-09-23 19:08:00,송내
2022-09-23 19:12:00,송내역B
2022-09-23 19:22:00,경남아파트
2022-09-23 21:46:00,중동
2022-09-24 07:23:00,중동
2022-09-24 15:18:00,중동
2022-09-24 16:39:00,중동행정복지센터.시민회관
2022-09-24 16:46:00,부천세무서
2022-09-24 16:49:00,신중동역5번출구.중흥중학교
2022-09-24 16:55:00,풍림아파트.부천다문화지원센터
2022-09-24 17:23:00,오정동경인OBS방송국
2022-09-24 17:46:00,그린타운상가.무지개마을
2022-09-24 21:46:00,중동
2022-09-24 22:41:00,중동
2022-09-25 09:13:00,부천시청
2022-09-25 13:12:00,부천시청
2022-09-25 14:51:00,부천시청
2022-09-25 20:58:00,부천시청
2022-09-26 06:28:00,신중동
2022-09-26 06:53:00,한국아파트
2022-09-26 07:01:00,송내역B
2022-09-26 07:02:00,송내
2022-09-26 07:19:00,중동
2022-09-26 07:39:00,그린타운상가.무지개마을
2022-09-26 07:43:00,신중동
2022-09-26 07:45:00,중동역
2022-09-26 07:48:00,중동
2022-09-26 10:13:00,부천시청
2022-09-26 14:45:00,시민운동장
2022-09-26 17:25:00,오정동경인OBS방송국
2022-09-26 17:56:00,송내
2022-09-26 18:07:00,오정동경인OBS방송국
2022-09-26 18:35:00,그린타운상가.무지개마을
2022-09-26 19:09:00,신중동
2022-09-26 21:52:00,중동
2022-09-26 22:14:00,부천시청
2022-09-27 06:31:00,신중동
2022-09-27 07:20:00,중동
2022-09-27 07:52:00,신중동
2022-09-27 16:18:00,중동행정복지센터.시민회관
2022-09-27 19:27:00,신중동
2022-09-27 21:35:00,신중동
2022-09-27 21:49:00,중동
2022-09-28 07:19:00,중동
2022-09-28 07:51:00,신중동
2022-09-28 14:00:00,시민운동장
2022-09-28 20:05:00,신중동
2022-09-28 21:05:00,노마즈하우스.우리은행
2022-09-28 21:09:00,시민운동장.시민회관
2022-09-28 22:00:00,중동
2022-09-29 06:25:00,신중동
2022-09-29 07:00:00,한국아파트
2022-09-29 07:08:00,송내역B
2022-09-29 07:09:00,송내
2022-09-29 07:20:00,중동
2022-09-29 16:34:00,중동행정복지센터.시민회관
2022-09-29 20:43:00,송내
2022-09-29 20:47:00,송내역B
2022-09-29 20:55:00,경남아파트
2022-09-29 21:49:00,중동
2022-09-30 06:30:00,신중동
2022-09-30 07:11:00,신중동
2022-09-30 07:20:00,중동
2022-09-30 07:40:00,그린타운상가.무지개마을
2022-09-30 07:45:00,중동역
2022-09-30 07:48:00,중동
2022-09-30 15:48:00,부천상상거리
2022-09-30 18:40:00,신중동
2022-09-30 21:06:00,시민운동장.시민회관
2022-09-30 21:51:00,중동
